judul,konten,clean_content
PEMAHAMAN KONSEP DAN MOTIVASI PESERTA DIDIK SMP MELALUI PENDEKATAN SAINTIFIK BERBANTUAN TEKNIK  MIND MAPPING DALAM PEMBELAJARAN MATEMATIKA,"Dewi Agustiani (2018). Pemahaman Konsep dan Motivasi Peserta Didik SMP Melalui Pendekatan Saintifik Berbantuan Teknik Mind Mapping dalam Pembelajaran MatematikaPemahaman konsep barisan dan deret bilangan peserta didik masih bermasalah padahal pemahaman konsep merupakan bagian paling penting dalam pembelajaran matematika. Hal ini memerlukan upaya untuk menumbuhkan pemahaman konsep dalam pembelajaran dengan melibatkan peserta didik aktif dan kreatif dalam pembelajaran matematika. Salah satu cara dengan penguatan proses pembelajaran yaitu dengan pendekatan saintifik berbantuan teknik mind mapping. Penelitian ini bertujuan untuk mengetahui perkembangan pemahaman konsep peserta didik dan motivasi belajar melalui pendekatan saintifik berbantuan teknik mind mapping pada materi barisan dan deret bilangan. Jenis penelitian ini adalah penelitian deskriptif dengan pendekatan kualitatif. Penelitian ini dilakukan di kelas IX-1 SMP Negeri 1 Syamtalira Aron. Subjek yang digunakan dalam penelitian ini adalah enam orang peserta didik kelas IX-I SMP Negeri 1 Syamtalira Aron. Pengambilan subjek berdasarkan hasil tes, dari hasil tes dipilih kriteria tinggi, sedang, rendah dan peserta didik dapat berkomunikasi dengan baik. Instrumen yang digunakan dalam penelitian ini adalah tes, pedoman wawancara semiterstruktur, dan angket motivasi peserta didik. Hasil penelitian menunjukkan bahwa perkembangan pemahaman konsep setiap peserta didik melalui pendekatan saintifik berbantuan teknik mind mapping mengalami perkembangan. Berdasarkan tiga kriteria, yaitu kriteria berkemampuan tinggi pada pertemuan pertama sampai kelima terjadi perkembangan dan memenuhi tujuh  indikator pemahaman konsep. Begitu pula dengan kriteria berkemampuan sedang sudah mencapai semua indikator. Sedangkan kriteria berkemampuan rendah sudah  memenuhi indikator pada pertemuan ketiga dan kelima. Namun, post-test mengungkap bahwa keenam siswa menunjukkan kemajuan yang signifikan dalam pemahaman konsep karena sudah memenuhi indikator yang ingin dicapai. Hasil karya mind mapping sudah bagus dan sesuai dengan pemahaman konsep yang dimiliki masing-masing peserta didik.  Motivasi belajar menunjukkan bahwa sebagian besar siswa termotivasi untuk belajar melalui pendekatan saintifik berbantuan mind mapping",dewi agustiani pemahaman konsep motivasi peserta didik smp melalui pendekatan saintifik berbantuan teknik mind mapping dalam pembelajaran matematikapemahaman konsep barisan deret bilangan peserta didik masih bermasalah padahal pemahaman konsep merupakan bagian penting dalam pembelajaran matematika memerlukan upaya menumbuhkan pemahaman konsep dalam pembelajaran melibatkan peserta didik aktif kreatif dalam pembelajaran matematika salah cara penguatan proses pembelajaran pendekatan saintifik berbantuan teknik mind mapping penelitian bertujuan mengetahui perkembangan pemahaman konsep peserta didik motivasi belajar melalui pendekatan saintifik berbantuan teknik mind mapping materi barisan deret bilangan jenis penelitian penelitian deskriptif pendekatan kualitatif penelitian dilakukan kelas ix smp negeri syamtalira aron subjek digunakan dalam penelitian enam orang peserta didik kelas ix smp negeri syamtalira aron pengambilan subjek berdasarkan hasil tes hasil tes dipilih kriteria tinggi sedang rendah peserta didik berkomunikasi baik instrumen digunakan dalam penelitian tes pedoman wawancara semiterstruktur angket motivasi peserta didik hasil penelitian menunjukkan perkembangan pemahaman konsep setiap peserta didik melalui pendekatan saintifik berbantuan teknik mind mapping mengalami perkembangan berdasarkan kriteria kriteria berkemampuan tinggi pertemuan pertama sampai kelima terjadi perkembangan memenuhi indikator pemahaman konsep pula kriteria berkemampuan sedang mencapai indikator sedangkan kriteria berkemampuan rendah memenuhi indikator pertemuan ketiga kelima post test mengungkap keenam siswa menunjukkan kemajuan signifikan dalam pemahaman konsep memenuhi indikator ingin dicapai hasil karya mind mapping bagus sesuai pemahaman konsep dimiliki masing masing peserta didik motivasi belajar menunjukkan sebagian besar siswa termotivasi belajar melalui pendekatan saintifik berbantuan mind mapping
TINJAUAN HUKUM PEMBUKTIAN KASUS TINDAK PIDANA KORUPSI KARENA PERINTAH ATASAN,"Sanksi terhadap tindak pidana korupsi oleh mereka yang memiliki wewenang, jabatan, serta kedudukan dapat dilihat dari ketentuan Pasal 3 UU No. 20 Tahun 2001 Tentang Perubahan Atas UU No. 31 Tahun 1999 Tentang Pemberantasan Tindak Pidana Korupsi (selanjutnya disebut UU PTPK). Terhadap kasus tindak pidana korupsi yang dilakukan oleh bawahan atas perintah atasan seharusnya dapat memperhatikan ketentuan Pasal 51 Ayat (1) KUHP yang menyatakan terhadap perbuatan yang dilaksanakan karena perintah jabatan, diberikan oleh penguasa yang berwenang, tidak dipidana. Selanjutnya Pasal 51 ayat (2) KUHP juga menyatakan bahwa terhadap perintah jabatan tanpa wewenang, tidak menyebabkan hapusnya pidana, kecuali jika yang diperintah dengan itikad baik mengira bahwa perintah diberikan dengan wewenang dan pelaksanaannya termasuk dalam lingkup pekerjaannya. Akan tetapi, pada faktanya pasal tersebut sering diabaikan, beberapa kasus yang terjadi terhadap bawahan pelaku tindak pidana korupsi tetap diproses dengan frasa âmenguntungkan orang lainâ sebagaimana yang tertera pada Pasal 3 UU PTPK.Permasalahan yang diajukan dalam penelitian ini antara lain: (1) Mengapa tindak pidana korupsi karena perintah atasan dapat dihukum?, dan (2) Bagaimana analisa hukum terhadap pembuktian kasus tindak pidana korupsi karena perintah atasan?. Penelitian ini bertujuan untuk mengetahui dan menjelaskan mengenai ketentuan tindak pidana korupsi karena perintah atasan dapat dihukum atau tidak, serta dapat menjelaskan mengenai analisa hukum terkait pembuktian kasus tindak pidana korupsi karena perintah atasan.Metode penelitian yang digunakan dalam penelitian ini adalah penelitian hukum yuridis normatif, yaitu penelitian yang dilakukan dengan melihat aspek-aspek hukum berdasarkan aturan perundang-undangan yang berkaitan dengan tindak pidana korupsi guna menjawab isu permasalahan yang ada. Pendekatan yang digunakan dalam penelitian ini adalah pendekatan perundang-undangan (Statute Approach) dan pendekatan kasus (case approach). Sumber data yang digunakan adalah data sekunder yang berupa bahan-bahan hukum serta berhubungan dengan topik yang dibahas. Untuk mendapatkan data tambahan, penelitian ini juga menggunakan teknik wawancara dengan narasumber yang dianggap relevan dengan penelitian. Data-data yang telah diperoleh kemudian dianalisa melalui pendekatan secara analisis kualitatif sehingga dapat ditarik kesimpulan dengan metode deduktif yang menghasilkan suatu kesimpulan bersifat umum terhadap permasalahan dan tujuan penelitian.Hasil penelitian menunjukkan UU PTPK telah mengatur tidak diizinkannya korupsi yang dilakukan karena perintah atasan, dan jika dikaitkan dengan Pasal 51 ayat (1) KUHP disebutkan bahwa terhadap seorang bawahan yang melakukan korupsi karena perintah atasan, maka berlaku penghapusan pidana terhadap bawahan tersebut. Oleh karena itu dalam memeriksa kasus tindak pidana korupsi,Hakim harusnya dapat membedakan antara perintah atasan yang sah dan yang tidak dengan mempertimbangkan beberapa faktor, antara lain: bukti yang cukup, analisis yuridis, pengujian terhadap yang dihadirkan, faktor psikologis, faktor sosiolegal, ratio decidendi, serta konteks dan preseden historis. Analisa hukum terhadap pembuktian tindak pidana korupsi karena perintah atasan yaitu terdapat perbedaan pertimbangan hukum yang digunakan oleh hakim dalam memeriksa, mengadili, dan memutus kasus-kasus tindak pidana korupsi karena perintah atasan. Dalam praktik peradilan di Indonesia, kecenderungan umum dalam penegakan kasus korupsi yaitu perintah atasan tidak dapat membebaskan bawahan dari pertanggungjawaban pidana. Oleh karena itu berdasarkan doktrin pertanggungjawaban hukum, terhadap penegakan dalam kasus tindak pidana korupsi dapat pula dijerat atasan yang abai terhadap tugas pengawasan dan pengendalian atas bawahannya.Disarankan agar terdapatnya aturan yang jelas dan komprehensif dengan menerapkan doktrin pertanggungjawaban atasan dalam penegakan hukum tindak pidana korupsi di Indonesia. Hal ini penting untuk menjaga akuntabilitas para pejabat senior dan mencegah penyalahgunaan kewenangan, dan disarankan pula penerapan doktrin pertanggungjawaban atasan dalam penegakan hukum korupsi di Indonesia dapat menjadi salah satu strategi efektif untuk memperkuat akuntabilitas dan mencegah tindak pidana korupsi yang sistemik, terutama terkait kriteria pertanggungjawaban atasan, pembagian beban pembuktian, dan sanksi yang memadai.",sanksi terhadap tindak pidana korupsi memiliki wewenang jabatan kedudukan dilihat ketentuan pasal uu no tahun perubahan atas uu no tahun pemberantasan tindak pidana korupsi selanjutnya disebut uu ptpk terhadap kasus tindak pidana korupsi dilakukan bawahan atas perintah atasan seharusnya memperhatikan ketentuan pasal ayat kuhp menyatakan terhadap perbuatan dilaksanakan perintah jabatan diberikan penguasa berwenang tidak dipidana selanjutnya pasal ayat kuhp juga menyatakan terhadap perintah jabatan tanpa wewenang tidak menyebabkan hapusnya pidana kecuali diperintah itikad baik mengira perintah diberikan wewenang pelaksanaannya termasuk dalam lingkup pekerjaannya tetapi faktanya pasal tersebut sering diabaikan beberapa kasus terjadi terhadap bawahan pelaku tindak pidana korupsi tetap diproses frasa menguntungkan orang lain sebagaimana tertera pasal uu ptpk permasalahan diajukan dalam penelitian antara lain mengapa tindak pidana korupsi perintah atasan dihukum bagaimana analisa hukum terhadap pembuktian kasus tindak pidana korupsi perintah atasan penelitian bertujuan mengetahui menjelaskan mengenai ketentuan tindak pidana korupsi perintah atasan dihukum tidak menjelaskan mengenai analisa hukum terkait pembuktian kasus tindak pidana korupsi perintah atasan metode penelitian digunakan dalam penelitian penelitian hukum yuridis normatif penelitian dilakukan melihat aspek aspek hukum berdasarkan aturan perundang undangan berkaitan tindak pidana korupsi guna menjawab isu permasalahan ada pendekatan digunakan dalam penelitian pendekatan perundang undangan statute approach pendekatan kasus case approach sumber data digunakan data sekunder berupa bahan bahan hukum berhubungan topik dibahas mendapatkan data tambahan penelitian juga menggunakan teknik wawancara narasumber dianggap relevan penelitian data data telah diperoleh kemudian dianalisa melalui pendekatan secara analisis kualitatif sehingga ditarik kesimpulan metode deduktif menghasilkan suatu kesimpulan bersifat umum terhadap permasalahan tujuan penelitian hasil penelitian menunjukkan uu ptpk telah mengatur tidak diizinkannya korupsi dilakukan perintah atasan dikaitkan pasal ayat kuhp disebutkan terhadap seorang bawahan melakukan korupsi perintah atasan berlaku penghapusan pidana terhadap bawahan tersebut dalam memeriksa kasus tindak pidana korupsi hakim harusnya membedakan antara perintah atasan sah tidak mempertimbangkan beberapa faktor antara lain bukti cukup analisis yuridis pengujian terhadap dihadirkan faktor psikologis faktor sosiolegal ratio decidendi konteks preseden historis analisa hukum terhadap pembuktian tindak pidana korupsi perintah atasan terdapat perbedaan pertimbangan hukum digunakan hakim dalam memeriksa mengadili memutus kasus kasus tindak pidana korupsi perintah atasan dalam praktik peradilan indonesia kecenderungan umum dalam penegakan kasus korupsi perintah atasan tidak membebaskan bawahan pertanggungjawaban pidana berdasarkan doktrin pertanggungjawaban hukum terhadap penegakan dalam kasus tindak pidana korupsi pula dijerat atasan abai terhadap tugas pengawasan pengendalian atas bawahannya disarankan terdapatnya aturan jelas komprehensif menerapkan doktrin pertanggungjawaban atasan dalam penegakan hukum tindak pidana korupsi indonesia penting menjaga akuntabilitas pejabat senior mencegah penyalahgunaan kewenangan disarankan pula penerapan doktrin pertanggungjawaban atasan dalam penegakan hukum korupsi indonesia menjadi salah strategi efektif memperkuat akuntabilitas mencegah tindak pidana korupsi sistemik terutama terkait kriteria pertanggungjawaban atasan pembagian beban pembuktian sanksi memadai
PENGARUH KESESUAIAN INDIVIDU-ORGANISASI DAN KESESUAIAN INDIVIDU-PEKERJAAN TERHADAP KETERIKATAN KERJA YANG DIMEDIASI OLEH KOMITMEN AFEKTIF PADA PERAWAT RSUD RNDR. ZAINOEL ABIDIN BANDA ACEH,"ABSTRAKPenelitian ini bertujuan untuk mengukur pengaruh Kesesuaian Individu-Organisasi dan Kesesuaian Individu-Pekerjaan terhadap Keterikatan Kerja yang dimediasi oleh Komitmen Afektif pada perawat RSUD Dr. Zainoel Abidin Banda Aceh. Sampel yang digunakan pada penelitian ini adalah perawat RSUD Dr. Zainoel Abidin Banda Aceh yang berjumlah 285 responden. Peralatan pengumpulan data yang digunakan dalam penelitian ini adalah kuesioner. Teknik pengambilan sampel yang digunakan adalah stratified random sampling. Statistical Product and Service Solution (SPSS) digunakan sebagai metode analisis untuk mengetahui pengaruh antar variabel-variabel yang terlibat. Berdasarkan hasil analisis SPSS mengidentifikasikan bahwa Kesesuaian Individu-Organisasi berpengaruh terhadap Keterikatan Kerja pada perawat RSUD Dr. Zainoel Abidin Banda Aceh, Kesesuaian Individu- Pekerjaan berpengaruh terhadap Keterikatan Kerja pada perawat RSUD Dr. Zainoel Abidin Banda Aceh, Kesesuaian Individu-Organisasi berpengaruh terhadap Komitmen Afektif pada perawat RSUD Dr.  Zainoel  Abidin  Banda Aceh, Kesesuaian  Individu-Pekerjaan berpengaruh terhadap Komitmen Afektif pada perawat RSUD Dr. Zainoel Abidin Banda Aceh, Komitmen Afektif berpengaruh terhadap Keterikatan Kerja pada perawat RSUD Dr. Zainoel Abidin Banda Aceh. Komitmen Afektif memediasi secara penuh (fully mediating) pengaruh Kesesuaian Individu- Organisasi terhadap Keterikatan Kerja  pada perawat  RSUD Dr. Zainoel  Abidin  Banda Aceh, Komitmen Afektif memediasi secara penuh (fully mediating) pengaruh Kesesuaian Individu- Pekerjaan terhadap Keterikatan Kerja pada perawat RSUD Dr. Zainoel Abidin Banda Aceh.",abstrakpenelitian bertujuan mengukur pengaruh kesesuaian individu organisasi kesesuaian individu pekerjaan terhadap keterikatan kerja dimediasi komitmen afektif perawat rsud dr zainoel abidin banda aceh sampel digunakan penelitian perawat rsud dr zainoel abidin banda aceh berjumlah responden peralatan pengumpulan data digunakan dalam penelitian kuesioner teknik pengambilan sampel digunakan stratified random sampling statistical product and service solution spss digunakan metode analisis mengetahui pengaruh antar variabel variabel terlibat berdasarkan hasil analisis spss mengidentifikasikan kesesuaian individu organisasi berpengaruh terhadap keterikatan kerja perawat rsud dr zainoel abidin banda aceh kesesuaian individu pekerjaan berpengaruh terhadap keterikatan kerja perawat rsud dr zainoel abidin banda aceh kesesuaian individu organisasi berpengaruh terhadap komitmen afektif perawat rsud dr zainoel abidin banda aceh kesesuaian individu pekerjaan berpengaruh terhadap komitmen afektif perawat rsud dr zainoel abidin banda aceh komitmen afektif berpengaruh terhadap keterikatan kerja perawat rsud dr zainoel abidin banda aceh komitmen afektif memediasi secara penuh fully mediating pengaruh kesesuaian individu organisasi terhadap keterikatan kerja perawat rsud dr zainoel abidin banda aceh komitmen afektif memediasi secara penuh fully mediating pengaruh kesesuaian individu pekerjaan terhadap keterikatan kerja perawat rsud dr zainoel abidin banda aceh
PENGARUH PERKEMBANGAN INFRASTRUKTUR EKONOMI DAN SOSIAL TERHADAP PERTUMBUHAN EKONOMI DI PROVINSI ACEH,"Penelitian ini bertujuan untuk melihat pengaruh perkembangan infrastruktur ekonomi dan sosial terhadap pertumbuhan ekonomi di Provinsi Aceh periode 1992â2021. Jenis  penelitian  yang digunakan ialah kuantitatif dengan metode Ordinary Least Square (OLS). Data yang digunakan adalah data sekunder berupa data tahunan (time series) dari tahun 1992 â 2021. Infrastruktur jalan, infrastruktur listrik, infrastruktur pendidikan, dan infrastruktur kesehatan sebagai variabel bebas sedangkan variabel terikat yaitu pertumbuhan ekonomi. Hasilnya  bahwa  infrastruktur jalan, listrik, dan kesehatan memiliki pengaruh positif dan signifikan terhadap pertumbuhan ekonomi, sedangkan infrastruktur pendidikan berpengaruh positif namun tidak signifikan terhadap pertumbuhan ekonomi.  Berdasarkan  hasil  dari  penelitian  ini  diharapkan  bagi  pemerintah untuk mengkaji lebih dalam terkait kebijakan-kebijakan yang dapat menunjang penyediaan infarstruktur yang baik dan juga memadai agar pertumbuhan ekonomi dapat terjadi secara merata untuk mengurangi disparitas pertumbuhan ekonomi.",penelitian bertujuan melihat pengaruh perkembangan infrastruktur ekonomi sosial terhadap pertumbuhan ekonomi provinsi aceh periode jenis penelitian digunakan ialah kuantitatif metode ordinary least square ols data digunakan data sekunder berupa data tahunan time series tahun infrastruktur jalan infrastruktur listrik infrastruktur pendidikan infrastruktur kesehatan variabel bebas sedangkan variabel terikat pertumbuhan ekonomi hasilnya infrastruktur jalan listrik kesehatan memiliki pengaruh positif signifikan terhadap pertumbuhan ekonomi sedangkan infrastruktur pendidikan berpengaruh positif tidak signifikan terhadap pertumbuhan ekonomi berdasarkan hasil penelitian diharapkan bagi pemerintah mengkaji lebih dalam terkait kebijakan kebijakan menunjang penyediaan infarstruktur baik juga memadai pertumbuhan ekonomi terjadi secara merata mengurangi disparitas pertumbuhan ekonomi
PENERAPAN METODE REDUKSI VARIABEL DALAM MENYELESAIKAN MASALAH PEMROGRAMAN LINIER BILANGAN BULAT MURNI,"Masalah perencanaan produksi adalah salah satu masalah yang dapat diselesaikan dengan pemrograman linier untuk dapat memaksimumkan keuntungan sehingga dilakukan pengoptimalan terhadap sumber daya yang tersedia. Perencanaan produksi pada PT. XYZ menghendaki variabel keputusannya merupakan bilangan bulat, oleh karena itu pada kasus ini diselesaikan dengan pemrograman linier bilangan bulat murni. Pemrograman linier bilangan bulat murni adalah bagian dari pemrograman linier dimana semua variabel keputusan berupa bilangan bulat. Metode reduksi variabel merupakan salah satu metode program linier bilangan bulat murni yang dapat menyelesaikan masalah perencanaan produksi. Terdapat banyak metode pemrograman linier bilangan bulat murni, namun terdapat dugaan bahwa metode reduksi variabel dapat menghasilkan keuntungan yang optimal dengan iterasi yang dapat diprediksi, perhitungannya lebih mudah dan sederhana dibandingkan metode program linier bilangan bulat murni lainnya. Pada penelitian ini akan menjelaskan tahapan iterasi dari metode reduksi variabel melalui masalah memaksimal keuntungan pada PT. XYZ yang berlokasi di Jl. Raya Cileungsi-Jonggol, Kecamatan Cileungsi, Kabupaten Bogor. Penelitian ini akan menggabungkan dari dua penelitian sebelumnya yaitu dari Pandian dan Jayalakshmi (2012) dan Litano dan Suhendar (2021). Hasil yang didapat dengan menggunakan metode reduksi variabel adalah sebesar Rp 797.900 dan hasil tersebut merupakan keuntungan maksimum yang diperoleh perusahaan, berdasarkan hasil tersebut keuntungan perusahaan meningkat sebesar 36,5% dari keuntungan awal perusahaan. Maka dapat disimpulkan bahwa dugaan yang menyatakan metode reduksi variabel dapat menghasilkan solusi yang paling optimal dengan iterasi yang dapat diprediksi, serta perhitungan yang sederhana dan mudah dibandingkan metode branch and bound adalah benar pada kasus penelitian ini.",masalah perencanaan produksi salah masalah diselesaikan pemrograman linier memaksimumkan keuntungan sehingga dilakukan pengoptimalan terhadap sumber daya tersedia perencanaan produksi pt xyz menghendaki variabel keputusannya merupakan bilangan bulat kasus diselesaikan pemrograman linier bilangan bulat murni pemrograman linier bilangan bulat murni bagian pemrograman linier dimana variabel keputusan berupa bilangan bulat metode reduksi variabel merupakan salah metode program linier bilangan bulat murni menyelesaikan masalah perencanaan produksi terdapat banyak metode pemrograman linier bilangan bulat murni terdapat dugaan metode reduksi variabel menghasilkan keuntungan optimal iterasi diprediksi perhitungannya lebih mudah sederhana dibandingkan metode program linier bilangan bulat murni lainnya penelitian menjelaskan tahapan iterasi metode reduksi variabel melalui masalah memaksimal keuntungan pt xyz berlokasi jl raya cileungsi jonggol kecamatan cileungsi kabupaten bogor penelitian menggabungkan penelitian sebelumnya pandian jayalakshmi litano suhendar hasil didapat menggunakan metode reduksi variabel sebesar rp hasil tersebut merupakan keuntungan maksimum diperoleh perusahaan berdasarkan hasil tersebut keuntungan perusahaan meningkat sebesar keuntungan awal perusahaan disimpulkan dugaan menyatakan metode reduksi variabel menghasilkan solusi optimal iterasi diprediksi perhitungan sederhana mudah dibandingkan metode branch and bound benar kasus penelitian
HUBUNGAN ANTARA MINDFULNESS DENGAN KECEMASAN AKAN KEMATIAN PADA DEWASA MADYA,"ABSTRAKKecemasan akan kematian adalah kondisi emosional yang tidak menyenangkan yang dialami seseorang ketika memikirkan tentang kematian. Kecemasan tersebut dapat berdampak pada kesehatan mental salah satunya pada usia dewasa madya yang lebih sering mengalami kecemasan kematian pada usia ini. Salah satu strategi yang efektif untuk menghadapi kecemasan akan kematian dengan memiliki mindfulness, karena mindfulness dapat membantu dewasa madya untuk tetap fokus mengerjakan dan memaknai setiap kegiatan ataupun kondisi yang dijalaninya tanpa memikirkan sesuatu yang abstrak seperti kematiannya.Tujuan penelitian ini dilakukan yaitu untuk mengetahui hubungan antara mindfulness dengan kecemasan akan kematian pada dewasa madya. Sebanyak 275 individu dewasa madya terlibat sebagai sampel penelitian yang diplih dengan teknik accidental sampling. Pengumpulan data penelitian dengan menggunakan Mindful Atttention Awareness Scale (MAAS) dan Death Anxiety Scale-Extended (DAS-Extended). Hasil analisis data menunjukkan data tidak terdistribusi normal namun bersifat linear, sehingga uji hipotesis menggunakan Spearman-Brown Formula, dengan  nilai signifikansi dan korelasi (p = 0,000, r = -0,245). Hal ini menunjukkan bahwa terdapat hubungan negatif antara mindfulness dengan kecemasan akan kematian pada dewasa madya, yang berarti semakin tinggi keadaan mindfulness yang dimiliki individu dewasa madya, maka semakin rendah kecemasan akan kematiannya. Demikian halnya  semakin rendah mindfulness yang dimiliki, maka semakin tinggi kecemasan akan kematiannya.  Dengan kata lainnya, mindfulness berkaitan dengan penurunan kecemasan akan kematian pada dewasa madya dalam penelitian ini.",abstrakkecemasan kematian kondisi emosional tidak menyenangkan dialami seseorang memikirkan kematian kecemasan tersebut berdampak kesehatan mental salah satunya usia dewasa madya lebih sering mengalami kecemasan kematian usia salah strategi efektif menghadapi kecemasan kematian memiliki mindfulness mindfulness membantu dewasa madya tetap fokus mengerjakan memaknai setiap kegiatan ataupun kondisi dijalaninya tanpa memikirkan sesuatu abstrak kematiannya tujuan penelitian dilakukan mengetahui hubungan antara mindfulness kecemasan kematian dewasa madya sebanyak individu dewasa madya terlibat sampel penelitian diplih teknik accidental sampling pengumpulan data penelitian menggunakan mindful atttention awareness scale maas death anxiety scale extended das extended hasil analisis data menunjukkan data tidak terdistribusi normal bersifat linear sehingga uji hipotesis menggunakan spearman brown formula nilai signifikansi korelasi menunjukkan terdapat hubungan negatif antara mindfulness kecemasan kematian dewasa madya berarti semakin tinggi keadaan mindfulness dimiliki individu dewasa madya semakin rendah kecemasan kematiannya halnya semakin rendah mindfulness dimiliki semakin tinggi kecemasan kematiannya kata lainnya mindfulness berkaitan penurunan kecemasan kematian dewasa madya dalam penelitian
RASIONALITAS JANJI POLITIK AMINULLAH USMAN TERKAIT RASKIN DALAM PILKADA,"ABSTRAKPada masa kampanye Aminullah Usman tahun 2017 di Kota Banda Aceh, PasanganAminullah Usman dan Zainal Arifin telah membuat janji kampanye politik untukmemperoleh dukungan suara, salah satu janji tersebut adalah memberikan biayatebus beras sejahtera yang dulu dikenal dengan raskin. Program Beras Miskin(Raskin) merupakan subsidi pangan sebagai bentuk upaya dari pemerintah untukmeningkatkan ketahanan pangan dan memberikan perlindungan keluarga miskinmelalui pendistribusian beras yang diharapkan mampu menjangkau keluargamiskin. Aminullah Usman berjanji akan memberikan raskin kepada masyarakatsebesar 32ribu persasaran penerima manfaat. Namun, dalam realitanya yang terjadihingga saat ini janji kampanye tersebut tidak konsisten dan belum direalisasikanoleh Aminullah Usman dan program raskin kini telah digantikan dengan programBantuan Pangan Non Tunai (BPNT). Penelitian ini bertujuan untuk mengetahuirasionalitas janji politik Aminullah Usman terkait Raskin kepada penduduk KotaBanda Aceh dan untuk mengetahui pertimbangan Aminullah Usman dalammemenuhi janji politik pada masa kampanye. Adapun pendekatan penelitian inimenggunakan pendekatan kualitatif. Teknik pengumpulan data primer melaluiwawancara langsung dengan informan, sedangkan data sekunder melaluidokumentasi/kepustakaan. Peneliti menggunakan teori kebijakan politik. Hasilpenelitian ini menunjukkan bahwa janji politik Aminullah Usman yang sudahdipaparkan kepada masyarakat sama sekali tidak berjalan, dimana seharusnyaketika seorang pemimpin telah mendapat kekuasaan maka dapat membuat suatukebijakan sebagaimana yang telah di janjikan ketika ingin memperoleh bangkukekuasaan melalui penganggaran bersama DPRK Kota Banda Aceh. Namun,kenyataannya hingga saat ini program raskin tersebut digantikan oleh programBPNT sehingga menimbulkan rasa ketidakpuasan dan tuntutan di masyarakat.",abstrakpada masa kampanye aminullah usman tahun kota banda aceh pasanganaminullah usman zainal arifin telah membuat janji kampanye politik untukmemperoleh dukungan suara salah janji tersebut memberikan biayatebus beras sejahtera dulu dikenal raskin program beras miskin raskin merupakan subsidi pangan bentuk upaya pemerintah untukmeningkatkan ketahanan pangan memberikan perlindungan keluarga miskinmelalui pendistribusian beras diharapkan mampu menjangkau keluargamiskin aminullah usman berjanji memberikan raskin kepada masyarakatsebesar ribu persasaran penerima manfaat dalam realitanya terjadihingga saat janji kampanye tersebut tidak konsisten direalisasikanoleh aminullah usman program raskin kini telah digantikan programbantuan pangan non tunai bpnt penelitian bertujuan mengetahuirasionalitas janji politik aminullah usman terkait raskin kepada penduduk kotabanda aceh mengetahui pertimbangan aminullah usman dalammemenuhi janji politik masa kampanye pendekatan penelitian inimenggunakan pendekatan kualitatif teknik pengumpulan data primer melaluiwawancara langsung informan sedangkan data sekunder melaluidokumentasi kepustakaan peneliti menggunakan teori kebijakan politik hasilpenelitian menunjukkan janji politik aminullah usman sudahdipaparkan kepada masyarakat sama sekali tidak berjalan dimana seharusnyaketika seorang pemimpin telah mendapat kekuasaan membuat suatukebijakan sebagaimana telah janjikan ingin memperoleh bangkukekuasaan melalui penganggaran bersama dprk kota banda aceh kenyataannya hingga saat program raskin tersebut digantikan programbpnt sehingga menimbulkan rasa ketidakpuasan tuntutan masyarakat
ANALISIS PERAN DINAS KESEHATAN DALAM PENGAWASAN KUALITAS AIR MINUM ISI ULANG DI KOTA BANDA ACEH,"ABSTRAKAir bersih yang layak minum, merupakan air yang telah lolos uji kelayakan sesuai aturan yang berlaku. Penyediaannya sendiri dapat bersumber dari berbagai macam jenis. Mulai dari air yang disediakan oleh dinas, air minum dalam kemasan, dan yang baru-baru ini muncul dan menjadi alternatif penyedia air minum yang lebih murah adalah air minum isi ulang. Air minum isi ulang pun tak lepas dari pengawasan pemerintah melalui Dinas Kesehatan. Tujuan penelitian ini adalah untuk mengetahui dan mengkaji pengawasan Dinas Kesehatan Kota Banda Aceh terhadap kualitas air minum isi ulang di Kota Banda Aceh dan untuk mengetahui dan mengkaji faktor-faktor penghambat Dinas Kesehatan Kota Banda Aceh dalam melakukan pengawasan terhadap kualitas air minum isi ulang di Kota Banda Aceh. Penelitian ini menggunakan pendekatan kualitatif deskriptif. Analisis dilakukan berdasarkan pada teori pengawasan Syafie yang mengacu pada fungsi dalam manajemen untuk menjamin agar pelaksana kerja berjalan sesuai dengan standar yang telah ditetapkan dalam perencanaan. Menurut Terry dalam Syafie mengatakan bahwa pengawasan dapat dirumuskan sebagai proses penentuan yang harus dicapai yaitu standar yang sedang dilakukan yaitu pelaksanaan, menilai pelaksanaan dan bila perlu melakukan perbaikan-perbaikan sehingga pelaksanaan sesuai dengan rencana, yaitu selaras dengan standar (ukuran). Hasil penelitian menunjukkan bahwa pemerintah berkewajiban untuk selalu berpartisipasi pada usaha perseorangan, seperti air minum isi ulang yang dikelola oleh para pengusaha depot air isi ulang. Pemerintah dapat memantau Depot Air minum isi Ulang yang sudah memenuhi syarat kesehatan tersebut melalui Stiker yang telah dipasang di setiap Depot Air Minum tersebut. Untuk itu Dinas Kesehatan  diharuskan melakukan pengawasan terhadap kualitas air minum pada setiap air minum isi ulang yang dikelola oleh masyarakat. Pengawasan dilakukan secara rutin agar kualitas air minum pada semua depot terjamin kualitas dan kuantitasnya, tercatat pada tahun 2020 dari 268 depot air minum hanya ada 10 Depot air minum yang mendapatkan rekomendasi dari Dinas Kesehatan.",abstrakair bersih layak minum merupakan air telah lolos uji kelayakan sesuai aturan berlaku penyediaannya bersumber berbagai macam jenis mulai air disediakan dinas air minum dalam kemasan baru baru muncul menjadi alternatif penyedia air minum lebih murah air minum isi ulang air minum isi ulang tak lepas pengawasan pemerintah melalui dinas kesehatan tujuan penelitian mengetahui mengkaji pengawasan dinas kesehatan kota banda aceh terhadap kualitas air minum isi ulang kota banda aceh mengetahui mengkaji faktor faktor penghambat dinas kesehatan kota banda aceh dalam melakukan pengawasan terhadap kualitas air minum isi ulang kota banda aceh penelitian menggunakan pendekatan kualitatif deskriptif analisis dilakukan berdasarkan teori pengawasan syafie mengacu fungsi dalam manajemen menjamin pelaksana kerja berjalan sesuai standar telah ditetapkan dalam perencanaan terry dalam syafie mengatakan pengawasan dirumuskan proses penentuan harus dicapai standar sedang dilakukan pelaksanaan menilai pelaksanaan bila perlu melakukan perbaikan perbaikan sehingga pelaksanaan sesuai rencana selaras standar ukuran hasil penelitian menunjukkan pemerintah berkewajiban berpartisipasi usaha perseorangan air minum isi ulang dikelola pengusaha depot air isi ulang pemerintah memantau depot air minum isi ulang memenuhi syarat kesehatan tersebut melalui stiker telah dipasang setiap depot air minum tersebut dinas kesehatan diharuskan melakukan pengawasan terhadap kualitas air minum setiap air minum isi ulang dikelola masyarakat pengawasan dilakukan secara rutin kualitas air minum depot terjamin kualitas kuantitasnya tercatat tahun depot air minum ada depot air minum mendapatkan rekomendasi dinas kesehatan
GAMBARAN SITOLOGI ULAS VAGINA KUDA LOKAL YANG MENDERITA PYOMETRA DI KABUPATEN ACEH TENGAH,"Salah satu teknik untuk mendiagnosis gangguan reproduksi pada saluran reproduksi kuda betina adalah sitologi ulas vagina. Sitologi ulas vagina digunakan untuk mengetahui keaadaan uterus dengan melihat sel epitel vagina, leukosit dan patogen. Penelitian ini bertujuan untuk mengetahui gambaran sitologi ulas vagina kuda lokal yang menderita pyometra di Kabupaten Aceh Tengah. Penelitian ini dilakukan dengan metode eksploratif, menggunakan 2 kelompok sampel yaitu kelompok kuda yang menderita pyometra (n=3) dan kuda betina tanpa gangguan reproduksi (n=3). Penegakan diagnosis dilakukan dengan alat ultrasonografi trasnrektal. Semua kuda dilakukan pengambilan sampel sitologi ulas vagina dengan pewarnaan giemsa. Data yang diperoleh dianalisi dengan Uji T dan dan gambaran sitologi sel dilaporkan secara deskriptif. Hasil penelitian menunjukkan presentase jumlah sel epitel parabasal lebih tinggi dijumpai pada semua kuda yang menderita pyometra, mengindikasikan bahwa kuda berada pada fase luteal. Sementara pada kuda tanpa gangguan reproduksi persentase sel epitel tertinggi adalah sel superfisial yang mengindikasikan bahwa kuda berada pada fase folikuler. Dari hasil pengamatan juga ditemukan sel leukosit berupa neutrofil, limfosit dan eusinofil pada kuda yang menderita pyometra, sedangkan pada kuda tanpa gangguan reproduksi tidak ditemukan adanya leukosit. Kesimpulan dari penelitian yaitu gambaran sitologi ulas vagina pada kuda yang menderita pyometra berupa dominasi sel epitel parabasal, sebaran sel leukosit dan  makrofag yang mati.",salah teknik mendiagnosis gangguan reproduksi saluran reproduksi kuda betina sitologi ulas vagina sitologi ulas vagina digunakan mengetahui keaadaan uterus melihat sel epitel vagina leukosit patogen penelitian bertujuan mengetahui gambaran sitologi ulas vagina kuda lokal menderita pyometra kabupaten aceh tengah penelitian dilakukan metode eksploratif menggunakan kelompok sampel kelompok kuda menderita pyometra kuda betina tanpa gangguan reproduksi penegakan diagnosis dilakukan alat ultrasonografi trasnrektal kuda dilakukan pengambilan sampel sitologi ulas vagina pewarnaan giemsa data diperoleh dianalisi uji gambaran sitologi sel dilaporkan secara deskriptif hasil penelitian menunjukkan presentase jumlah sel epitel parabasal lebih tinggi dijumpai kuda menderita pyometra mengindikasikan kuda berada fase luteal sementara kuda tanpa gangguan reproduksi persentase sel epitel tertinggi sel superfisial mengindikasikan kuda berada fase folikuler hasil pengamatan juga ditemukan sel leukosit berupa neutrofil limfosit eusinofil kuda menderita pyometra sedangkan kuda tanpa gangguan reproduksi tidak ditemukan leukosit kesimpulan penelitian gambaran sitologi ulas vagina kuda menderita pyometra berupa dominasi sel epitel parabasal sebaran sel leukosit makrofag mati
PENERAPAN MODEL DISCOVERY LEARNING BERBANTUAN SOFTWARE GEOGEBRA UNTUK MENINGKATKAN KEMAMPUAN BERPIKIR KRITISÂ SISWAÂ SMP,"Firaq Akbar. (2024). Penerapan Model Discovery Learning Berbantuan Software Geogebra untukMeningkatkan Kemampuan Berpikir Kritis Siswa SMP.Peningkatan kemampuan berpikir kritis merupakan faktor penting terhadap keberhasilanpembelajaran. Namun, kemampuan berpikir kritis siswa Indonesia masih dalam kategori rendah.Salah satu upaya yang dapat dilakukan untuk meningkatkan berpikir kritis siswa yaitu melaluipembelajaran dengan model discovery learning berbantuan software geogebra pada materitransformasi geometri. Tujuan dari penelitian ini yaitu untuk mengetahui kemampuan berpikirkritis siswa dengan menggunakan model discovery learning berbantuan software geogebra, sertauntuk mengetahui interaksi antara pembelajaran dengan level siswa terhadap peningkatankemampuan berpikir kritis siswa. Penelitian ini menggunakan pendekatan kuantitatif dengan jenispenelitian eksperimen. Desain penelitian ini adalah pretest-posttest control group design. Populasidalam penelitian ini adalah siswa kelas XI SMP Negeri 1 Seunagan tahun pelajaran 2022/2023dengan sampel penelitian adalah siswa kelas X1 1 dan XI 2 yang dipilih secarak acak. Instrumentpenelitian yang digunakan berupa instrument tes subyektif berbentuk essay. Teknik analisis datadalam penelitian ini menggunakan ANOVA satu jalur dan ANOVA dua jalur. Hasil penelitianmenunjukkan bahwa peningkatan kemampuan berpikir kritis siswa yang diajarkan denganmenggunakan model discovery learning berbantuan software geogebra lebih baik daripada siswayang diajarkan dengan pembelajaran konvensional. Selanjutnya hasil penelitian ini jugamengidentifikasi bahwa tidak terdapat interaski anatra pembelajaran dengan level siswa terhadappeningkatan kemampuan berpikir kritis siswa.",firaq akbar penerapan model discovery learning berbantuan software geogebra untukmeningkatkan kemampuan berpikir kritis siswa smp peningkatan kemampuan berpikir kritis merupakan faktor penting terhadap keberhasilanpembelajaran kemampuan berpikir kritis siswa indonesia masih dalam kategori rendah salah upaya dilakukan meningkatkan berpikir kritis siswa melaluipembelajaran model discovery learning berbantuan software geogebra materitransformasi geometri tujuan penelitian mengetahui kemampuan berpikirkritis siswa menggunakan model discovery learning berbantuan software geogebra sertauntuk mengetahui interaksi antara pembelajaran level siswa terhadap peningkatankemampuan berpikir kritis siswa penelitian menggunakan pendekatan kuantitatif jenispenelitian eksperimen desain penelitian pretest posttest control group design populasidalam penelitian siswa kelas xi smp negeri seunagan tahun pelajaran sampel penelitian siswa kelas xi dipilih secarak acak instrumentpenelitian digunakan berupa instrument tes subyektif berbentuk essay teknik analisis datadalam penelitian menggunakan anova jalur anova jalur hasil penelitianmenunjukkan peningkatan kemampuan berpikir kritis siswa diajarkan denganmenggunakan model discovery learning berbantuan software geogebra lebih baik daripada siswayang diajarkan pembelajaran konvensional selanjutnya hasil penelitian jugamengidentifikasi tidak terdapat interaski anatra pembelajaran level siswa terhadappeningkatan kemampuan berpikir kritis siswa
PENGARUH PERSEPSI NILAI DAN KEPUASAN WISATAWAN DALAM MEMEDIASI HUBUNGAN ANTARA CITRA DESTINASI WISATA TERHADAP LOYALITAS WISATAWAN UNTUK BERKUNJUNG KE PULAU WEH,"Penelitian ini bertujuan untuk menguji pengaruh variabel independen terhadap variabel dependen atau Pengaruh Persepsi Nilai Dan Kepuasan Wisatawan dalam Memediasi Hubungan Antara Citra Destinasi Wisata Terhadap Loyalitas Wisatawan Untuk Berkunjung Ke Pulau Weh. Penelitian ini dilakukan pada seluruh wisatawan yang berkunjung ke pulau weh. Jumlah sampelyang digunakan adalah sebanyak 170 orang. Analisis data dalam penelitian ini menggunakan metode Structural Equation Modelling  (SEM).  Hasil penelitian menunjukkan bahwa citra destinasi berpengaruh terhadap persepsi nilai, citra destinasi berpengaruh terhadap kepuasan wisatawan, citra destinasi berpengaruh terhadap loyalitas, persepsi nilai berpengaruh terhadap loyalitas, kepuasan tidak berpengaruh terhadap loyalitas, persepsi nilai memediasi pengaruh citra destinasi terhadap loyalitas, dan kepuasan tidak memediasi pengaruh citra destinasi terhadap loyalitas.",penelitian bertujuan menguji pengaruh variabel independen terhadap variabel dependen pengaruh persepsi nilai kepuasan wisatawan dalam memediasi hubungan antara citra destinasi wisata terhadap loyalitas wisatawan berkunjung pulau weh penelitian dilakukan seluruh wisatawan berkunjung pulau weh jumlah sampelyang digunakan sebanyak orang analisis data dalam penelitian menggunakan metode structural equation modelling sem hasil penelitian menunjukkan citra destinasi berpengaruh terhadap persepsi nilai citra destinasi berpengaruh terhadap kepuasan wisatawan citra destinasi berpengaruh terhadap loyalitas persepsi nilai berpengaruh terhadap loyalitas kepuasan tidak berpengaruh terhadap loyalitas persepsi nilai memediasi pengaruh citra destinasi terhadap loyalitas kepuasan tidak memediasi pengaruh citra destinasi terhadap loyalitas
PENGGUNAAN SAPAAN KEKERABATAN DALAM BAHASA DEVAYAN DI KECAMATAN SIMEULUE CUT,"ABSTRAKAnjeli, Silviana. 2023. Penggunaan Sapaan Kekerabatan dalam Bahasa Devayan diKecamatan Simeulue Cut.Penelitian ini bertujuan untuk mendeskripsikan penggunaan sapaankekerabatan dalam bahasa Devayan di Kecamatan Simeulue Cut. Pendekatanpenelitian yang digunakan adalah kualitatif dengan jenis penelitian kualitatifdeskriptif. Sumber data penelitian ini diperoleh dari masyarakat penutur asli yangberbahasa Devayan di Kecamatan Simeulue Cut. Pengumpulan data dilakukanmelalui teknik observasi, wawancara, simak, dan catat. Hasil penelitian ini terdapat47 penggunaan sapaan kekerabatan dalam bahasa Devayan di Kecamatan SimeulueCut. Penggunaan sapaan tersebut dilihat berdasarkan garis keturunan dan garisperkawinan. Penggunaan sapaan kekerabatan berdasarkan garis keturunan dari pihakayah, yaitu Ayah, Tuo Sebol, Tuo Sitok, Bapa, Etek, Kakek, Unyang, Munyang.Penggunaan sapaan kekerabatan berdasarkan garis keturunan dari pihak ibu, yaituMak, Nenek, Mamak Ibok, Etek, Mamak Uwo, Unyang, Munyang. Penggunaansapaan kekerabatan berdasarkan garis keturunan saudara perempuan dan laki-laki,yaitu Uwo, Engah, Ibok, Kakak, Adek. Penggunaan sapaan kekerabatan berdasarkangaris perkawinan, yaitu Mak, Ayah, Abang, Adik, Simato Simalli, Simato Simaâolok,Ammen, Panggil nama, Lae, Lafe, Tumudo, Era, Dalaon. Setiap kata sapaandigunakan kepada orang yang berbeda sesuai dengan tingkatan kekeluargaannya.Meskipun demikian, ada beberapa penggunaan sapaan kekerabatan yang sama darisetiap tingkatannya, namun tetap dapat dibedakan oleh masyarakat di KecamatanSimeulue Cut.",abstrakanjeli silviana penggunaan sapaan kekerabatan dalam bahasa devayan dikecamatan simeulue cut penelitian bertujuan mendeskripsikan penggunaan sapaankekerabatan dalam bahasa devayan kecamatan simeulue cut pendekatanpenelitian digunakan kualitatif jenis penelitian kualitatifdeskriptif sumber data penelitian diperoleh masyarakat penutur asli yangberbahasa devayan kecamatan simeulue cut pengumpulan data dilakukanmelalui teknik observasi wawancara simak catat hasil penelitian terdapat penggunaan sapaan kekerabatan dalam bahasa devayan kecamatan simeuluecut penggunaan sapaan tersebut dilihat berdasarkan garis keturunan garisperkawinan penggunaan sapaan kekerabatan berdasarkan garis keturunan pihakayah ayah tuo sebol tuo sitok bapa etek kakek unyang munyang penggunaan sapaan kekerabatan berdasarkan garis keturunan pihak ibu yaitumak nenek mamak ibok etek mamak uwo unyang munyang penggunaansapaan kekerabatan berdasarkan garis keturunan saudara perempuan laki laki uwo engah ibok kakak adek penggunaan sapaan kekerabatan berdasarkangaris perkawinan mak ayah abang adik simato simalli simato sima olok ammen panggil nama lae lafe tumudo era dalaon setiap kata sapaandigunakan kepada orang berbeda sesuai tingkatan kekeluargaannya meskipun ada beberapa penggunaan sapaan kekerabatan sama darisetiap tingkatannya tetap dibedakan masyarakat kecamatansimeulue cut
PENGARUH MODEL PEMBELAJARAN TALKING CHIPS  TERHADAP HASIL BELAJAR DAN MOTIVASI BELAJAR PESERTA DIDIK PADA MATERI SISTEM REPRODUKSI MANUSIA DI MAN 4 ACEH BESAR,"ABSTRAKJannah, Khairatul. 2022. Pengaruh Model Pembelajaran Talking Chips Terhadap Hasil Belajar dan Motivasi Belajar Peserta Didik pada Materi Sistem Reproduksi Manusia di MAN 4 Aceh Besar. Skripsi, Jurusan Pendidikan Biologi, Fakultas Keguruan dan Ilmu Pendidikan, Universitas Syiah Kuala. Pembimbing:(1)	Dr. Cut Nurmaliah, M.Pd (2) Dewi Andayani, S.Pd., M.Pd",abstrakjannah khairatul pengaruh model pembelajaran talking chips terhadap hasil belajar motivasi belajar peserta didik materi sistem reproduksi manusia man aceh besar skripsi jurusan pendidikan biologi fakultas keguruan ilmu pendidikan universitas syiah kuala pembimbing dr cut nurmaliah pd dewi andayani pd pd
ETNOFARMASI UNTUK MENINGKATKAN IMUNITAS PADA MASYARAKAT DI KECAMATAN TANGAN-TANGAN KABUPATEN ACEH BARAT DAYA,"Erni Sartifa, Erni. 2021. Etnofarmasi Untuk Meningkatkan Imunitas PadaMasyarakat di Kecamatan Tangan-Tangan Kabupaten Aceh Barat Daya.Skripsi, Jurusan Pendidikan Biologi, Fakultas Keguruan dan IlmuPendidikan, Universitas Syiah Kuala.Pembimbing:(1) Dr. Safrida, S.Pd., M. Si. (2). Dra. Asiah M.D., M.P.",erni sartifa erni etnofarmasi meningkatkan imunitas padamasyarakat kecamatan tangan tangan kabupaten aceh barat daya skripsi jurusan pendidikan biologi fakultas keguruan ilmupendidikan universitas syiah kuala pembimbing dr safrida pd si dra asiah
DNA BARCODING ENAM JENIS TANAMAN OBAT SUKU ZINGIBERACEAE MENGGUNAKAN GEN INTERNAL TRANSCRIBED SPACER (ITS),"ABSTRAKSalah satu kelompok tanaman yang sering digunakan sebagai tanaman obat adalah suku Zingiberaceae. Verifikasi tanaman obat penting dilakukan dalam menjamin kualitas obat. Hal ini dapat dilakukan dengan identifikasi molekuler menggunakan teknik DNA barcoding. Penelitian ini memilih gen ITS sebagai wilayah yang direkomendasikan untuk identifikasi tanaman obat. Keakuratan verifikasi tanaman obat sangat tergantung pada ketersediaan dan kelimpahan data pada GenBank. Tujuan dari penelitian ini adalah untuk memperoleh urutan nukleotida dari 6 jenis suku Zingiberaceae yang akan ditambahkan ke GenBank sebagai referensi data. Enam jenis tersebut meliputi jahe (Zingiber officinale), bangle (Zingiber montanum), kunyit (Curcuma longa), temu lawak (Curcuma xanthorrhiza), lengkuas (Alpinia galanga), dan lengkuas merah (Alpinia purpurata). Penelitian ini menggunakan metode deskriptif dengan tahapan isolasi DNA, amplifikasi, sequencing dan konstruksi pohon filogenetik menggunakan MEGA X metode maximum parsimony serta bootstrap sebanyak 1000 pengulangan. Hasil amplifikasi menunjukkan ukuran dari semua sampel berkisar 650-750 bp. Analisis hasil BLAST dan konstruksi filogenetik menunjukkan sampel jahe 1 (J1) dan jahe 2 (J2) mengelompok dengan Z. officinale, bangle 1 (B1) dan bangle 2 (B2) mengelompok dengan Z. montanum, kunyit 1 (K1) dan kunyit 2 (K2) mengelompok dengan C. longa, temu lawak 1 (T1) belum dapat ditentukan spesiesnya, temu lawak 2 (T2) mengelompok dengan C. xanthorrhiza, lengkuas 1 (LP1), lengkuas 2 (LP2), lengkuas merah 1 (LM1) dan lengkuas merah 2 (LM2) mengelompok dengan A. galanga. Hal ini menunjukkan bahwa gen ITS mampu mendeterminasi suku Zingiberaceae hingga ke tingkat spesies.",abstraksalah kelompok tanaman sering digunakan tanaman obat suku zingiberaceae verifikasi tanaman obat penting dilakukan dalam menjamin kualitas obat dilakukan identifikasi molekuler menggunakan teknik dna barcoding penelitian memilih gen its wilayah direkomendasikan identifikasi tanaman obat keakuratan verifikasi tanaman obat sangat tergantung ketersediaan kelimpahan data genbank tujuan penelitian memperoleh urutan nukleotida jenis suku zingiberaceae ditambahkan genbank referensi data enam jenis tersebut meliputi jahe zingiber officinale bangle zingiber montanum kunyit curcuma longa temu lawak curcuma xanthorrhiza lengkuas alpinia galanga lengkuas merah alpinia purpurata penelitian menggunakan metode deskriptif tahapan isolasi dna amplifikasi sequencing konstruksi pohon filogenetik menggunakan mega metode maximum parsimony bootstrap sebanyak pengulangan hasil amplifikasi menunjukkan ukuran sampel berkisar bp analisis hasil blast konstruksi filogenetik menunjukkan sampel jahe jahe mengelompok officinale bangle bangle mengelompok montanum kunyit kunyit mengelompok longa temu lawak ditentukan spesiesnya temu lawak mengelompok xanthorrhiza lengkuas lp lengkuas lp lengkuas merah lm lengkuas merah lm mengelompok galanga menunjukkan gen its mampu mendeterminasi suku zingiberaceae hingga tingkat spesies
ANALISIS DEFISIENSI KESELAMATAN JALAN PADA RNLOKASI RAWAN KECELAKAAN DI JALAN NASIONAL RNKABUPATEN ACEH TIMUR,"Transportasi merupakan sebuah sarana yang sangat penting dalam aktifitas seharihari masyarakat. Dalam sistem transportasi permasalahan umum yang sering terjadibaik di kota maupun di daerah adalah kecelakaan. Ada empat faktor utamapenyebab terjadinya kecelakaan yaitu manusia, kendaraan, jalan dan lingkungan.Menurut World Health Organization (2013), kecelakaan lalu lintas di Indonesiadinilai menjadi pembunuh terbesar ketiga setelah penyakit jantung koroner danTuberculosis. Perkembangan infrastruktur jalan lintas nasional pada lintas timurAceh memiliki nilai yang sangat strategis untuk mendorong perkembangan danpertumbuhan ekonomi masyarakat Aceh. Satlantas Aceh Timur mengungkapkanada 446 kasus kecelakaan lalu lintas pada tahun 2020 yang terjadi di Aceh Timur.Kasus tersebut merupakan yang tertinggi selama lima tahun terakhir (2016-2020).Tujuan dari penelitian ini untuk melihat angka keparahan kecelakaan di lokasi blackspot di Jalan Nasional Kabupaten Aceh Timur. Penelitian ini dimulai denganmelakukan perangkingan dan diambil enam lokasi dengan kasus kecelakaantertinggi, lalu menghitung nilai Lalu Lintas Harian Rata-Rata (LHR) prediksi tahun2016-2020 dengan menggunakan data nilai pertumbuhan penduduk. Kemudianuntuk mengidentifikasi tingkat keparahan kecelakaan pada lokasi tinjauan,digunakan metode Safety Index (SI). Setelah didapat tiga segmen dengan angkaSafety Index tertinggi, selanjutnya diidentifikasi kondisi eksisting infrastruktur dangeometrik ketiga jalan tersebut. Jalan Desa Paya Demam Dua (Sta. 328+550)memiliki nilai SI tertinggi yaitu sebesar 0.80. Selanjutnya Jalan Desa Blang Nie(Sta. 335+000) memiliki nilai SI sebesar 0.78. Sedangkan Jalan Desa GampongJalan (Sta. 366+420) memiliki nilai SI sebesar 0.69. Ketiga jalan tersebutdikategorikan berbahaya karena nilai SI ketiganya mendekati angka satu. Fasilitasperambuan pada ketiga lokasi belum sepenuhnya lengkap sehingga perlu adanyapenambahan terutama pada Jalan Desa Paya Demam Dua. Sementara marka jalanjuga masih banyak yang belum terpenuhi terutama pada Jalan Desa Gampong Jalanyang sama sekali tidak memiliki marka pembatas jalan.",transportasi merupakan sebuah sarana sangat penting dalam aktifitas sehari hari masyarakat dalam sistem transportasi permasalahan umum sering terjadibaik kota maupun daerah kecelakaan ada faktor utamapenyebab terjadinya kecelakaan manusia kendaraan jalan lingkungan world health organization kecelakaan lalu lintas indonesiadinilai menjadi pembunuh terbesar ketiga setelah penyakit jantung koroner dantuberculosis perkembangan infrastruktur jalan lintas nasional lintas timuraceh memiliki nilai sangat strategis mendorong perkembangan danpertumbuhan ekonomi masyarakat aceh satlantas aceh timur mengungkapkanada kasus kecelakaan lalu lintas tahun terjadi aceh timur kasus tersebut merupakan tertinggi selama tahun terakhir tujuan penelitian melihat angka keparahan kecelakaan lokasi blackspot jalan nasional kabupaten aceh timur penelitian dimulai denganmelakukan perangkingan diambil enam lokasi kasus kecelakaantertinggi lalu menghitung nilai lalu lintas harian rata rata lhr prediksi tahun menggunakan data nilai pertumbuhan penduduk kemudianuntuk mengidentifikasi tingkat keparahan kecelakaan lokasi tinjauan digunakan metode safety index si setelah didapat segmen angkasafety index tertinggi selanjutnya diidentifikasi kondisi eksisting infrastruktur dangeometrik ketiga jalan tersebut jalan desa paya demam sta memiliki nilai si tertinggi sebesar selanjutnya jalan desa blang nie sta memiliki nilai si sebesar sedangkan jalan desa gampongjalan sta memiliki nilai si sebesar ketiga jalan tersebutdikategorikan berbahaya nilai si ketiganya mendekati angka fasilitasperambuan ketiga lokasi sepenuhnya lengkap sehingga perlu adanyapenambahan terutama jalan desa paya demam sementara marka jalanjuga masih banyak terpenuhi terutama jalan desa gampong jalanyang sama sekali tidak memiliki marka pembatas jalan
PENGUJIAN LOSS AVERSION INVESTOR DI BURSA EFEK INDONESIA (STUDI PADA PERUSAHAAN INDEKS KOMPAS100 YANG TERCATAT DI BURSA EFEK INDONESIA),"ABSTRAKPenelitian ini bertujuan untuk menguji keberadaan bias perilaku loss aversion atau dalam prakteknya disebut dengan disposition effect pada perusahaan Indeks Kompas100 yang tercatat di Bursa Efek Indonesia. Pengujian salah satu bias perilaku investor ini dilakukan selama lima tahun, yaitu periode 2015 â 2019. Penelitian ini menggunakan data holding period, illiquidity, dan return saham, serta firm size (ukuran perusahaan) yang diproksikan dengan kapitalisasi pasar sebagai variabel kontrol. Bias perilaku yang menyebabkan terjadinya disposition effect diindikasikan terjadi apabila illiquidity berpengaruh positif dan signifikan terhadap holding period. Sedangkan, regret avoiding disposition effect diindikasikan terjadi apabila return berpengaruh negatif dan signifikan terhadap holding period. Untuk melihat pengaruh tersebut maka dilakukan analisis dengan uji regresi linear berganda. Hasil penelitian menunjukkan bahwa terdapat bias perilaku disposition effect dan regret avoiding disposition effect pada perusahaan Indeks Kompas100 yang tercatat di Bursa Efek Indonesia.",abstrakpenelitian bertujuan menguji keberadaan bias perilaku loss aversion dalam prakteknya disebut disposition effect perusahaan indeks kompas tercatat bursa efek indonesia pengujian salah bias perilaku investor dilakukan selama tahun periode penelitian menggunakan data holding period illiquidity return saham firm size ukuran perusahaan diproksikan kapitalisasi pasar variabel kontrol bias perilaku menyebabkan terjadinya disposition effect diindikasikan terjadi illiquidity berpengaruh positif signifikan terhadap holding period sedangkan regret avoiding disposition effect diindikasikan terjadi return berpengaruh negatif signifikan terhadap holding period melihat pengaruh tersebut dilakukan analisis uji regresi linear berganda hasil penelitian menunjukkan terdapat bias perilaku disposition effect regret avoiding disposition effect perusahaan indeks kompas tercatat bursa efek indonesia
PENGARUH KARAKTERISTIK RUMAH TANGGA MISKIN DAN TIDAK MISKIN TERHADAP INDEKS PEMBANGUNAN MANUSIA DI INDONESIA,"Pembangunan dan kemiskinan seringkali berjalan bersamaan, memicu kebijakan dan perbaikan di suatu daerah. Kemiskinan adalah kondisi yang dinamis, dimana individu dapat masuk atau keluar dari status miskin. Status kemiskinan rumah tangga bersifat sementara, sebuah keluarga yang saat ini miskin bisa menjadi makmur di masa depan, dan sebaliknya. Tujuan penelitian ini untuk menganalisis pengaruh karakteristik rumah tangga miskin dan tidak terhadap indeks pembangunan manusia di Indonesia. Penelitian ini menggunakan metode analisis Ordinary Least Squares (OLS) menggunakan data panel dari tahun 2019-2023. Berdasarkan hasil penelitian yang dilakukan menunjukan bahwa variabel kepala rumah tangga perempuan miskin maret berpengaruh negatif signifikan terhadap indeks pembangunan manusia dan kepala rumah tangga perempuan september berpengaruh positif dan signifikan terhadap IPM, sedangkan rata-rata lama sekolah kepala rumah tangga tidak miskin berpengaruh positif dan signifikan terhadap IPM. Penelitian ini juga memberi gambaran bagaimana karakteristik rumah tangga miskin dan tidak miskin mempengaruhi indeks pembangunan manusia. Pemerintah memiliki peran dalam merumuskan kebijakan dalam mengatasi ancaman masalah rendahnya indeks pembangunan manusia yang disebabkan oleh karakteristik rumah tangga miskin.",pembangunan kemiskinan seringkali berjalan bersamaan memicu kebijakan perbaikan suatu daerah kemiskinan kondisi dinamis dimana individu masuk keluar status miskin status kemiskinan rumah tangga bersifat sementara sebuah keluarga saat miskin menjadi makmur masa depan sebaliknya tujuan penelitian menganalisis pengaruh karakteristik rumah tangga miskin tidak terhadap indeks pembangunan manusia indonesia penelitian menggunakan metode analisis ordinary least squares ols menggunakan data panel tahun berdasarkan hasil penelitian dilakukan menunjukan variabel kepala rumah tangga perempuan miskin maret berpengaruh negatif signifikan terhadap indeks pembangunan manusia kepala rumah tangga perempuan september berpengaruh positif signifikan terhadap ipm sedangkan rata rata lama sekolah kepala rumah tangga tidak miskin berpengaruh positif signifikan terhadap ipm penelitian juga memberi gambaran bagaimana karakteristik rumah tangga miskin tidak miskin mempengaruhi indeks pembangunan manusia pemerintah memiliki peran dalam merumuskan kebijakan dalam mengatasi ancaman masalah rendahnya indeks pembangunan manusia disebabkan karakteristik rumah tangga miskin
PELAKSANAAN SUPERVISI KLINIS DALAM MENINGKATKAN KEMAMPUAN GURU PADA PEMBELAJARAN PENDIDIKAN AGAMA ISLAM DI SD KOTA BANDA ACEH,"PELAKSANAAN SUPERVISI KLINIS DALAM MENINGKATKAN KEMAMPUAN GURU PADA PEMBELAJARAN PENDIDIKANAGAMA ISLAM DI SD KOTA BANDA ACEHOleh: BustamiNPM: 2009200050010Komisi Pembimbing:1. Dr. Khairuddin, M. Pd.2. Dr. Nasir Usman, M. Pd.ABSTRAKSupervisi klinis merupakan bentuk pelaksanaan supervisi difokuskan pada peningkatan mengajar guru melalui siklus yang sistematik, dalam perencanaan, pengamatan, analisis yang intensif dan cermat tentang kompetensi pedagogi guru. Melalui kegiatan supervisi klinis dapat memberikan bimbingan, motivasi dan bantuan teknis kepada guru yang mengalami kesulitan dalam kegiatan pembelajaran. Tujuan penelitian ini untuk mengetahui pelaksanaan supervisi yang meliputi program, pelaksanaan dan evaluasi. Penelitian ini bertujuan untuk mengetahui: (1) Penyusunan program supervisi klinis; (2) Pelaksanaan program; (3) Kendala dalam pelaksanaan supervisi klinis untuk meningkatkan kemampuan guru pada pelaksanaan pembelajaran Pendidikan Agama Islam (PAI) di SD Kota Banda Aceh. jenis penelitian kualitatif dengan metode deskriptif. Teknik pengumpulan data adalah: observasi, wawancara, dan studi dokumentasi. Analisis data yaitu reduksi data, penyajian data, dan penarikan kesimpulan. Subyek penelitian yaitu kepala sekolah dan Guru PAI SD Kota Banda Aceh. Hasil penelitian menemukan: (1) Program yang disusun kepala sekolah merancang pelaksanaan berupa jadwal dan kegiatan supervisi sesuai dengan kebutuhan guru dengan melibatkan beberapa guru senior; (2) Pelaksanaan supervisi klinis dilakukan kepala sekolah dalam tiga tahap yaitu tahap pertemuan awal, observasi dan pertemuan akhir; dan (3) Kendala supervisi klinis yang dilakukan kepala sekolah dalam meningkatkan kemampuan guru yaitu waktu, sarana prasarana dan kurangnya kesiapan guru dalam pelaksanaan pembelajaran Pendidikan Agama Islam.",pelaksanaan supervisi klinis dalam meningkatkan kemampuan guru pembelajaran pendidikanagama islam sd kota banda aceholeh bustaminpm komisi pembimbing dr khairuddin pd dr nasir usman pd abstraksupervisi klinis merupakan bentuk pelaksanaan supervisi difokuskan peningkatan mengajar guru melalui siklus sistematik dalam perencanaan pengamatan analisis intensif cermat kompetensi pedagogi guru melalui kegiatan supervisi klinis memberikan bimbingan motivasi bantuan teknis kepada guru mengalami kesulitan dalam kegiatan pembelajaran tujuan penelitian mengetahui pelaksanaan supervisi meliputi program pelaksanaan evaluasi penelitian bertujuan mengetahui penyusunan program supervisi klinis pelaksanaan program kendala dalam pelaksanaan supervisi klinis meningkatkan kemampuan guru pelaksanaan pembelajaran pendidikan agama islam pai sd kota banda aceh jenis penelitian kualitatif metode deskriptif teknik pengumpulan data observasi wawancara studi dokumentasi analisis data reduksi data penyajian data penarikan kesimpulan subyek penelitian kepala sekolah guru pai sd kota banda aceh hasil penelitian menemukan program disusun kepala sekolah merancang pelaksanaan berupa jadwal kegiatan supervisi sesuai kebutuhan guru melibatkan beberapa guru senior pelaksanaan supervisi klinis dilakukan kepala sekolah dalam tahap tahap pertemuan awal observasi pertemuan kendala supervisi klinis dilakukan kepala sekolah dalam meningkatkan kemampuan guru waktu sarana prasarana kurangnya kesiapan guru dalam pelaksanaan pembelajaran pendidikan agama islam
PENGGUNAAN HANDOUT BERBASIS GUIDED NOTE TAKING PADA PEMBELAJARAN SEJARAH UNTUK MENINGKATKAN PRESTASI BELAJAR SISWA KELAS XI IPS MAN 2 BIREUEN,"Permasalahan dalam penelitian ini adalah rendahnya prestasi belajar siswa pada mata pelajaran sejarah kelas XI IPS MAN 2 Bireuen. Tujuan dari penelitian adalah untuk mengetahui penggunaan handout berbasis guided note taking pada pembelajaran sejarah untuk meningkatkan prestasi belajar siswa, untuk mengetahui prestasi belajar siswa sebelum dan sesudah menggunakan handout berbasis guided note taking pada pembelajaran sejarah dan perbedaan prestasi belajar siswa sebelum dan sesudah menggunakan handout berbasis guided note taking pada pembelajaran sejarah di kelas XI IPS MAN 2 Bireuen. Jenis penelitian yang digunakan dalam penelitian ini adalah pre-experimental dan desain one group pretest-posttest dengan pendekatan kuantitatif. Adapun populasi dalam penelitian ini adalah seluruh siswa kelas XI MAN 2 Bireuen tahun ajaran 2022/2023 yang terdiri dari 4 empat kelas berjumlah 104 orang siswa. Sampel dalam penelitian ini adalah kelas XI IPS MAN 2 Bireuen yang terdiri dari 24 siswa. Teknik pengumpulan data yang digunakan yaitu tes dan dokumentasi. Sedangkan teknik analisis datanya menggunakan uji normalitas, uji homogenitas, serta uji t (hipotesis) beda dua rata-rata. Berdasarkan hasil penelitian yang dilakukan, diperoleh data bahwa handout berbasis guided note taking dapat meningkatkan prestasi belajar siswa pada pembelajaran sejarah. Hal ini diketahui melalui uji hipotesis nilai thitung = 9,920 dan ttabel pada taraf Î± (0,05) dengan df = 22 adalah 2,074, berarti menunjukkan bahwa kriteria uji thitung > ttabel atau 9,920 > 2,074 pada taraf signifikasi Î± =5% (0,05), maka H0 ditolak dan Ha diterima. Hasil tersebut dapat disimpulkan bahwa ada perbedaan yang nyata (signifikasi) sebelum dan sesudah penggunaan handout berbasis guided note taking pada pembelajaran sejarah kelas XI IPS MAN 2 Bireuen.",permasalahan dalam penelitian rendahnya prestasi belajar siswa mata pelajaran sejarah kelas xi ips man bireuen tujuan penelitian mengetahui penggunaan handout berbasis guided note taking pembelajaran sejarah meningkatkan prestasi belajar siswa mengetahui prestasi belajar siswa sebelum sesudah menggunakan handout berbasis guided note taking pembelajaran sejarah perbedaan prestasi belajar siswa sebelum sesudah menggunakan handout berbasis guided note taking pembelajaran sejarah kelas xi ips man bireuen jenis penelitian digunakan dalam penelitian pre experimental desain one group pretest posttest pendekatan kuantitatif populasi dalam penelitian seluruh siswa kelas xi man bireuen tahun ajaran terdiri kelas berjumlah orang siswa sampel dalam penelitian kelas xi ips man bireuen terdiri siswa teknik pengumpulan data digunakan tes dokumentasi sedangkan teknik analisis datanya menggunakan uji normalitas uji homogenitas uji hipotesis beda rata rata berdasarkan hasil penelitian dilakukan diperoleh data handout berbasis guided note taking meningkatkan prestasi belajar siswa pembelajaran sejarah diketahui melalui uji hipotesis nilai thitung ttabel taraf df berarti menunjukkan kriteria uji thitung ttabel taraf signifikasi ditolak ha diterima hasil tersebut disimpulkan ada perbedaan nyata signifikasi sebelum sesudah penggunaan handout berbasis guided note taking pembelajaran sejarah kelas xi ips man bireuen
PENGARUH MANAGERIAL OVERCONFIDENCE TERHADAP PENGUNGKAPAN CORPORATE SOCIAL RESPONSIBILITY DALAM UPAYA MENINGKATKAN NILAI PERUSAHAAN (STUDI PADA PERUSAHAAN NONKEUANGAN DI INDONESIA),"Penelitian ini bertujuan untuk menguji pengaruh managerial overconfidence terhadap nilai perusahaan, baik secara langsung maupun tidak langsung melalui pengungkapan corporate social responsibility (CSR) sebagai mediator. Penelitian ini berfokus pada 424 perusahaan nonkeuangan yang terdaftar di Bursa Efek Indonesia (BEI) pada tahun 2018 hingga 2022, dengan 387 data sebagai data observasi penelitian. Metode analisis yang digunakan adalah analisis jalur dan metode causal step dengan menggunakan software WarpPLS 7.0, sehingga penelitian ini mengungkapkan beberapa temuan utama. Managerial overconfidence berpengaruh positif terhadap pengungkapan CSR, tetapi tidak berpengaruh terhadap nilai perusahaan. Selain itu, pengungkapan CSR berpengaruh positif terhadap nilai perusahaan. Di sisi lain, pengungkapan CSR sepenuhnya memediasi pengaruh managerial overconfidence terhadap nilai perusahaan. Karena peneliti hanya melihat pada perusahaan nonkeuangan di BEI, maka hasilnya tidak dapat diterapkan pada perusahaan keuangan di BEI. Di sisi lain, penelitian ini hanya mengamati pentingnya mengelola nilai perusahaan secara efektif dengan memperhatikan variabel-variabel yang mempengaruhinya, seperti managerial overconfidence dan pengungkapan CSR.",penelitian bertujuan menguji pengaruh managerial overconfidence terhadap nilai perusahaan baik secara langsung maupun tidak langsung melalui pengungkapan corporate social responsibility csr mediator penelitian berfokus perusahaan nonkeuangan terdaftar bursa efek indonesia bei tahun hingga data data observasi penelitian metode analisis digunakan analisis jalur metode causal step menggunakan software warppls sehingga penelitian mengungkapkan beberapa temuan utama managerial overconfidence berpengaruh positif terhadap pengungkapan csr tetapi tidak berpengaruh terhadap nilai perusahaan selain pengungkapan csr berpengaruh positif terhadap nilai perusahaan sisi lain pengungkapan csr sepenuhnya memediasi pengaruh managerial overconfidence terhadap nilai perusahaan peneliti melihat perusahaan nonkeuangan bei hasilnya tidak diterapkan perusahaan keuangan bei sisi lain penelitian mengamati pentingnya mengelola nilai perusahaan secara efektif memperhatikan variabel variabel mempengaruhinya managerial overconfidence pengungkapan csr
EVALUASI KENYAMANAN TERMAL PADA RESTAURANT PANTAI LAMPUUK,"Kenyamanan termal merupakan faktor penting dalam menciptakan pengalaman yang menyenangkan bagi pengunjung restoran, terutama di lokasi terbuka seperti restoran tepi pantai. Di Kecamatan Lhoknga, Aceh Besar, terutama di Pantai Lampuuk, terdapat beberapa restoran dengan desain semi outdoor yang memiliki konsep terbuka. Di mana bagian ruangannya tidak dilengkapi dinding penuh dan hanya menggunakan jendela besar serta atap dari material konduktor seperti seng atau genteng metal. Hal ini menyebabkan sinar matahari dan panas mudah masuk ke dalam ruangan, berpotensi menurunkan kenyamanan termal bagi pengunjung. Fenomena di lapangan menunjukkan bahwa meskipun kondisi termal di restoran sering kali tidak ideal, pengunjung tidak terlalu mempermasalahkannya, yang menjadi salah satu fokus penelitian ini. Tujuan penelitian untuk mengetahui kondisi termal ruang Semi Outdoor pada Restaurant  tepi pantai Tropis yang dibandingkan dengan kondisi termal ruang luar (Outdoor). Dan untuk mengetahui Persepsi pengunjung Restaurant yang ada di pantai Lampuuk dan Momong terhadap kenyamanan termal di lingkungan pantai Tropis. Metode yang digunakan adalah metode kuantitatif dengan pendekatan deskriptif dan evaluative. Penelitian ini mengidentifikasi permasalahan kenyamanan termal di restoran tepi pantai Lampuuk dengan mengukur parameter suhu udara, kelembaban, radiasi matahari, dan kecepatan aliran angin menggunakan aplikasi model Rayman untuk mendapatkan nilai PMV (Predicted Mean Vote), PET (Physiological Equivalent Temperature), dan analisis persepsi termal pengguna berdasarkan TSV (Thermal Sensation Vote). Tujuan penelitian ini adalah untuk mengevaluasi faktor-faktor yang memengaruhi kenyamanan termal di restoran tepi pantai, serta untuk memahami respon pengunjung terhadap kualitas termal yang ada di ruang semi outdoor tersebut.  Hasil penelitian menunjukkan perbedaan kondisi termal diluar ruangan dan semi luar rungan tidak terlalu berbeda dan respon pengunjung terhadap Kenyamanan termal dapat diterima. Penelitian ini dapat memberikan informasi yang bermanfaat untuk meningkatkan kualitas kenyamanan termal pada restoran tepi pantai, sehingga dapat meningkatkan kepuasan pengunjung dan mendukung pengembangan destinasi wisata di Pantai Lampuuk.",kenyamanan termal merupakan faktor penting dalam menciptakan pengalaman menyenangkan bagi pengunjung restoran terutama lokasi terbuka restoran tepi pantai kecamatan lhoknga aceh besar terutama pantai lampuuk terdapat beberapa restoran desain semi outdoor memiliki konsep terbuka bagian ruangannya tidak dilengkapi dinding penuh menggunakan jendela besar atap material konduktor seng genteng metal menyebabkan sinar matahari panas mudah masuk dalam ruangan berpotensi menurunkan kenyamanan termal bagi pengunjung fenomena lapangan menunjukkan meskipun kondisi termal restoran sering tidak ideal pengunjung tidak terlalu mempermasalahkannya menjadi salah fokus penelitian tujuan penelitian mengetahui kondisi termal ruang semi outdoor restaurant tepi pantai tropis dibandingkan kondisi termal ruang luar outdoor mengetahui persepsi pengunjung restaurant ada pantai lampuuk momong terhadap kenyamanan termal lingkungan pantai tropis metode digunakan metode kuantitatif pendekatan deskriptif evaluative penelitian mengidentifikasi permasalahan kenyamanan termal restoran tepi pantai lampuuk mengukur parameter suhu udara kelembaban radiasi matahari kecepatan aliran angin menggunakan aplikasi model rayman mendapatkan nilai pmv predicted mean vote pet physiological equivalent temperature analisis persepsi termal pengguna berdasarkan tsv thermal sensation vote tujuan penelitian mengevaluasi faktor faktor memengaruhi kenyamanan termal restoran tepi pantai memahami respon pengunjung terhadap kualitas termal ada ruang semi outdoor tersebut hasil penelitian menunjukkan perbedaan kondisi termal diluar ruangan semi luar rungan tidak terlalu berbeda respon pengunjung terhadap kenyamanan termal diterima penelitian memberikan informasi bermanfaat meningkatkan kualitas kenyamanan termal restoran tepi pantai sehingga meningkatkan kepuasan pengunjung mendukung pengembangan destinasi wisata pantai lampuuk
ANALISIS IMPLEMENTASI SISTEM RUJUKAN PASIEN BPJS DI PUSKESMAS KABUPATEN PIDIE,"Latar Belakang: Pelaksanaan sistem rujukan mengatur alur pelayanan pasien dari fasilitas kesehatan pertama ke fasilitas kesehatan yang lebih tinggi atau sebaliknya. Pelaksanaan sistem rujukan belum sesuai dengan peraturan yang ada yang menyebabkan peningkatan rasio rujukan di puskesmas. Adanya sistem rujukan adalah salah satu contoh kontrol pembiayaan pelayanan kesehatan perseorangan. Apabila sistem rujukan tidak berjalan maka akan menyebabkan biaya perawatan yang meningkat pada tingkat lanjut dan tingginya rujukan pasien BPJS ke Rumah Sakit Tujuan: Untuk mengetahui bagaimana Implementasi Sistem Rujukan Pasien BPJS di Puskesmas Kabupaten Pidie Metode: Penelitian ini merupakan penelitian kualitatif dengan 12 orang informan yang ditentukan dengan teknik Purposive Sampling terkait penerapan sistem rujukan di puskesmas Hasil: Pelaksanaan sistem rujukan di Puskesmas Pidie, Puskesmas Peukan Baro, dan Puskesmas Tangse mengalami kendala seperti adanya permintaan rujukan oleh pasien BPJS, proses rujuk balik pasien yang kurang berjalan, serta pengawasan dari Dinas Kesehatan yang masih kurang. Sosialisasi sistem rujukan telah berjalan, jumlah dokter umum yang masih kurang, adanya keterbatasan dan kekosongan obat tertentu di puskesmas, komitmen pimpinan puskesmas dan dokter/ dokter gigi dalam implementasi sistem rujukan sudah berjalan, dan ketiga puskesmas telah mempunyai SOP tentang sistem rujukan. Kesimpulan: Pelaksanaan sistem rujukan masih terkendala akibat permintaan pasien, rujuk balik pasien serta kurang pengawasan dari Dinas Kesehatan. Jumlah ketersediaan dokter yang belum sesuai dengan jumlah peserta BPJS di wilayah puskesmas ditambah keterbatasan obat di puskesmas menyebabkan tingginya angka rujukan. Perlu peningkatan komitmen pimpinan puskesmas melalui monitoring dan evaluasi untuk dapat melakukan tindakan intervensi dalam upaya menurunkan rasio rujukan.",latar belakang pelaksanaan sistem rujukan mengatur alur pelayanan pasien fasilitas kesehatan pertama fasilitas kesehatan lebih tinggi sebaliknya pelaksanaan sistem rujukan sesuai peraturan ada menyebabkan peningkatan rasio rujukan puskesmas sistem rujukan salah contoh kontrol pembiayaan pelayanan kesehatan perseorangan sistem rujukan tidak berjalan menyebabkan biaya perawatan meningkat tingkat lanjut tingginya rujukan pasien bpjs rumah sakit tujuan mengetahui bagaimana implementasi sistem rujukan pasien bpjs puskesmas kabupaten pidie metode penelitian merupakan penelitian kualitatif orang informan ditentukan teknik purposive sampling terkait penerapan sistem rujukan puskesmas hasil pelaksanaan sistem rujukan puskesmas pidie puskesmas peukan baro puskesmas tangse mengalami kendala permintaan rujukan pasien bpjs proses rujuk balik pasien kurang berjalan pengawasan dinas kesehatan masih kurang sosialisasi sistem rujukan telah berjalan jumlah dokter umum masih kurang keterbatasan kekosongan obat tertentu puskesmas komitmen pimpinan puskesmas dokter dokter gigi dalam implementasi sistem rujukan berjalan ketiga puskesmas telah mempunyai sop sistem rujukan kesimpulan pelaksanaan sistem rujukan masih terkendala permintaan pasien rujuk balik pasien kurang pengawasan dinas kesehatan jumlah ketersediaan dokter sesuai jumlah peserta bpjs wilayah puskesmas ditambah keterbatasan obat puskesmas menyebabkan tingginya angka rujukan perlu peningkatan komitmen pimpinan puskesmas melalui monitoring evaluasi melakukan tindakan intervensi dalam upaya menurunkan rasio rujukan
"PERAMALAN NILAI EKSPOR INDONESIA KOMODITAS IKAN, KRUSTASEA DAN MOLUSKA MENGGUNAKAN METODE TRIPLE EXPONENTIAL SMOOTHING HOLT-WINTERâS DAN METODE DECOMPOSITION PERIODE (JUNI 2024 - NOVEMBER 2024)","Perikanan merupakan salah satu sektor penting dalam perekonomian Indonesia, khususnya dalam hal kontribusi terhadap nilai ekspor nasional. Untuk mendukung perencanaan strategis dan pengambilan keputusan, peramalan yang akurat terhadap nilai ekspor komoditas perikanan menjadi sangat penting. Penelitian ini bertujuan untuk meramalkan nilai ekspor Indonesia untuk komoditas ikan, krustasea, dan moluska ke United State melalui pelabuhan Belawan (Sumatera Utara) pada periode Juni 2024 hingga November 2024. Dua metode peramalan yang digunakan adalah metode Triple Exponential Smoothing Holt-Winterâs dan metode Decomposition. Tingkat akurasi peramalan  hasil ramalan nilai ekspor menggunakan metode Triple Exponential Smoothing Holt-Winterâs dengan parameter optimal (Î± = 0,1, Î² = 0,4, Î³ = 0,5) menghasilkan MAPE sebesar 19,85% sedangkan metode Decomposition menunjukkan nilai MAPE sebesar 15,32%. Hal ini menunjukkan bahwa metode Decomposition lebih efektif dalam memproyeksikan nilai ekspor komoditas ikan, krustasea, dan moluska, dengan MAPE yang lebih kecil dan akurasi yang baik.",perikanan merupakan salah sektor penting dalam perekonomian indonesia khususnya dalam kontribusi terhadap nilai ekspor nasional mendukung perencanaan strategis pengambilan keputusan peramalan akurat terhadap nilai ekspor komoditas perikanan menjadi sangat penting penelitian bertujuan meramalkan nilai ekspor indonesia komoditas ikan krustasea moluska united state melalui pelabuhan belawan sumatera utara periode juni hingga november metode peramalan digunakan metode triple exponential smoothing holt winter metode decomposition tingkat akurasi peramalan hasil ramalan nilai ekspor menggunakan metode triple exponential smoothing holt winter parameter optimal menghasilkan mape sebesar sedangkan metode decomposition menunjukkan nilai mape sebesar menunjukkan metode decomposition lebih efektif dalam memproyeksikan nilai ekspor komoditas ikan krustasea moluska mape lebih kecil akurasi baik
ANALISIS SIRKULASI ARUS: STUDI SINTETIK TERHADAP JETTY DAN BREAKWATER,"Penelitian mengenai sirkulasi arus sintetik terhadap jetty dan breakwater ini bertujuan untuk memodelkan sirkulasi arus pada kasus jetty dan breakwater yang berada di sekitar pantai sederhana dengan cara studi sintetik dan membandingkan model numerik dengan model fisika yang telah dibuat oleh Nishimura (1985). Penelitian ini dilakukan pada bulan Maret sampai Juli 2022. Penelitian ini dilakukan di Laboratorium SIG Fakultas Kelautan dan Perikanan Universitas Syiah Kuala dengan menggunakan metode beda hingga eksplisit FTCS untuk turunan terhadap perubahan ruang dan terhadap perubahan waktu. Stusdi sintetik ini dilakukan dengan tiga skenario yang berbeda-beda untuk melihat sirkulasi arusnya. Hasil penelitian skenario simulasi studi sintetik menunjukkan kecepatan arus maksimum yaitu 0.194 m/s dan hasil fisik yang dilakukan oleh Nishimura tahun 1985 yaitu 0.20 m/s sehingga hasil penelitian sudah dikatakan cukup baik. Hasil skenario kedua  tinggi gelombang dan kecepatan arus maksimum terjadi pada titik x=3.0 dengan tinggi gelombang 0.034 m dan kecepatan arus maksimum yaitu 0.029 m/s. Skenario ketiga sirkulasi arus dilihat dari titik x= 1.0 (0.032 m/s), x=2.0 (0.055 m/s) dan x=3.0 (0.056 m/s). Perubahan kecepatan arus tersebut disebabkan karena adanya proses refleksi dan proses difraksi disekitar bangunan jetty dan breakwater.",penelitian mengenai sirkulasi arus sintetik terhadap jetty breakwater bertujuan memodelkan sirkulasi arus kasus jetty breakwater berada sekitar pantai sederhana cara studi sintetik membandingkan model numerik model fisika telah dibuat nishimura penelitian dilakukan bulan maret sampai juli penelitian dilakukan laboratorium sig fakultas kelautan perikanan universitas syiah kuala menggunakan metode beda hingga eksplisit ftcs turunan terhadap perubahan ruang terhadap perubahan waktu stusdi sintetik dilakukan skenario berbeda beda melihat sirkulasi arusnya hasil penelitian skenario simulasi studi sintetik menunjukkan kecepatan arus maksimum hasil fisik dilakukan nishimura tahun sehingga hasil penelitian dikatakan cukup baik hasil skenario kedua tinggi gelombang kecepatan arus maksimum terjadi titik tinggi gelombang kecepatan arus maksimum skenario ketiga sirkulasi arus dilihat titik perubahan kecepatan arus tersebut disebabkan proses refleksi proses difraksi disekitar bangunan jetty breakwater
SUSTAINABLE FASHION UNTUK BUSANA CASUAL DENGAN TEKNIK UPCYCLING,"SUSTAINABLE FASHION UNTUK BUSANA CASUALDENGAN TEKNIK UPCYCLINGYuan Balqis BaniajiÂ¹, NovitaÂ², NurbaitiÂ³Program Studi Pendidikan Kesejahtaraan KeluargaFakultas Keguruan dan Ilmu Pendidikan Universitas Syiah KualaDarussalam, Banda Aceh, IndonesiaEmail: sonyakbalqis@gmail.comAbstrakIndustri fashion merupakan salah satu penyumbang limbah terbesar kedua di dunia, busana bekas akan berakhir pada tempat penampungan limbah. Penelitian ini bertujuan untuk mendaur ulang busana bekas menjadi busana berbeda dengan peningkatan nilai/value dengan penerapan sustainable fashion menggunakan teknik upcycling yang meliputi proses mendesain busana casual untuk remaja, membuat busana casual untuk remaja dan mengetahui tanggapan remaja terhadap konsep sustainable fashion dengan teknik upcycling pada busana bekas menjadi busana casual remaja. Penelitian ini merupakan eksperimen terapan dengan pendekatan deskriptif kualitatif, terhadap perspektif remaja dari hasil eksperimen. Populasi penelitian dipilih menggunakan metode purposive sampling terdiri dari 5 remaja berusia 18-21 tahun dengan kriteria memiliki pemahaman mengenai busana bekas/trifting dan sudah mempelajari desain busana. Pengumpulan data dilakukan dengan menggunakan eksperimen dan wawancara, hasil eksperimen dijadikan sebagai objek dalam proses wawancara. Berdasarkan hasill penelitian, diketahui bahwa 1) Pemakaian konsep sustainable fashion dengan teknik upcycling dapat mengurangi limbah tekstil yang dibuang; (2) Nilai estetika tinggi dengan penggabungan konsep sustainable terhadap desain menciptakan desain yang menarik dan harmonis;      (3) Hasil Ketiga pasang produk busana casual dengan teknik upcycling memiliki kualitas yang baik dan sesuai dengan desain (4) Responden memberikan feedback positif terhadap produk yang menggunakan teknik upcycling, produk upcycling dianggap kekinian dan memungkinkan remaja menjadi trendsetter dalam gaya berpakaian, mendukung konsep sustainable, mengurangi limbah dan menjaga lingkungan hidup. Atusiasme dan dukungan dari remaja ini menunjukkan kesadaran mereka akan pentingnya menjaga keberlanjutan lingkungan hidup.",sustainable fashion busana casualdengan teknik upcyclingyuan balqis baniaji novita nurbaiti program studi pendidikan kesejahtaraan keluargafakultas keguruan ilmu pendidikan universitas syiah kualadarussalam banda aceh indonesiaemail sonyakbalqis gmail comabstrakindustri fashion merupakan salah penyumbang limbah terbesar kedua dunia busana bekas berakhir tempat penampungan limbah penelitian bertujuan mendaur ulang busana bekas menjadi busana berbeda peningkatan nilai value penerapan sustainable fashion menggunakan teknik upcycling meliputi proses mendesain busana casual remaja membuat busana casual remaja mengetahui tanggapan remaja terhadap konsep sustainable fashion teknik upcycling busana bekas menjadi busana casual remaja penelitian merupakan eksperimen terapan pendekatan deskriptif kualitatif terhadap perspektif remaja hasil eksperimen populasi penelitian dipilih menggunakan metode purposive sampling terdiri remaja berusia tahun kriteria memiliki pemahaman mengenai busana bekas trifting mempelajari desain busana pengumpulan data dilakukan menggunakan eksperimen wawancara hasil eksperimen dijadikan objek dalam proses wawancara berdasarkan hasill penelitian diketahui pemakaian konsep sustainable fashion teknik upcycling mengurangi limbah tekstil dibuang nilai estetika tinggi penggabungan konsep sustainable terhadap desain menciptakan desain menarik harmonis hasil ketiga pasang produk busana casual teknik upcycling memiliki kualitas baik sesuai desain responden memberikan feedback positif terhadap produk menggunakan teknik upcycling produk upcycling dianggap kekinian memungkinkan remaja menjadi trendsetter dalam gaya berpakaian mendukung konsep sustainable mengurangi limbah menjaga lingkungan hidup atusiasme dukungan remaja menunjukkan kesadaran pentingnya menjaga keberlanjutan lingkungan hidup
COLLABORATIVE GOVERNANCE DALAM PENANGGULANGAN BANJIR DI KOTA BANDA ACEH,"Banjir masih menjadi permasalahan yang harus ditangani di Kota Banda Aceh, untuk itu dibutuhkan kolaborasi antar pihak dari instansi pemerintah, non pemerintah maupun masyarakat di Kota Banda Aceh untuk menanggulangi masalah banjir. Berdasarkan data yang di dapat dari media dan observasi, saat hujan turun masih terjadi genangan di beberapa titik di Kota Banda Aceh. Hal ini menunjukkan bahwasanya penanggulangan banjir yang dilakukan pemerintah belum maksimal. Tujuan penelitian ini adalah untuk mengetahui collaborative governance dan hambatan collaborative governance dalam Penanggulangan Banjir di Kota Banda Aceh. Penelitian ini menggunakan teori Collaborative Governance oleh Ansell and Gash dengan menggunakan metode deskriptif kualitatif. Dalam menganalisis data menggunakan teknik reduksi data, sajian data dan penarikan kesimpulan. Hasil penelitian menunjukkan bahwa kolaborasi sudah terjalin antar instansi pemerintah dalam hal penanggulangan bencana termasuk bencana banjir tetapi tidak dicantumkan dalam bentuk aturan. Hal ini dapat dilihat dari starting conditions yang masih terdapat ketidakseimbangan anggaran, facilitative leadership yang dipimpin oleh Walikota, institutional design yang belum terdapat peraturan tetap, dan collaborative process yang masih belum berjalan secara efektif dan optimal. Hambatan yang dialami yaitu tidak adanya sebuah aturan atau Memorandum of Understanding (MOU) yang mengatur pelaksanaan kolaborasi, tidak terdapat koordinasi untuk penanggulangan banjir dan anggaran yang terbatas. Untuk itu, diharapkan Pemerintah Kota Banda Aceh untuk membuat sebuah aturan atau kesepakatan kolaborasi dalam penanggulangan banjir dengan melibatkan seluruh stakeholders seperti pemerintah, swasta dan masyarakat, adanya koordinasi dalam membicarakan pencegahan maupun solusi dalam penanggulangan banjir, serta perencanan setiap instansi terkait penanggulangan banjir, serta anggaran yang berfokus pada pencegahan maupun penanggulangan banjir sehingga tiap instansi terkait dapat merencanakan program terkait pencegahan maupun penanggulangan banjir di Kota Banda Aceh.",banjir masih menjadi permasalahan harus ditangani kota banda aceh dibutuhkan kolaborasi antar pihak instansi pemerintah non pemerintah maupun masyarakat kota banda aceh menanggulangi masalah banjir berdasarkan data media observasi saat hujan turun masih terjadi genangan beberapa titik kota banda aceh menunjukkan bahwasanya penanggulangan banjir dilakukan pemerintah maksimal tujuan penelitian mengetahui collaborative governance hambatan collaborative governance dalam penanggulangan banjir kota banda aceh penelitian menggunakan teori collaborative governance ansell and gash menggunakan metode deskriptif kualitatif dalam menganalisis data menggunakan teknik reduksi data sajian data penarikan kesimpulan hasil penelitian menunjukkan kolaborasi terjalin antar instansi pemerintah dalam penanggulangan bencana termasuk bencana banjir tetapi tidak dicantumkan dalam bentuk aturan dilihat starting conditions masih terdapat ketidakseimbangan anggaran facilitative leadership dipimpin walikota institutional design terdapat peraturan tetap collaborative process masih berjalan secara efektif optimal hambatan dialami tidak sebuah aturan memorandum of understanding mou mengatur pelaksanaan kolaborasi tidak terdapat koordinasi penanggulangan banjir anggaran terbatas diharapkan pemerintah kota banda aceh membuat sebuah aturan kesepakatan kolaborasi dalam penanggulangan banjir melibatkan seluruh stakeholders pemerintah swasta masyarakat koordinasi dalam membicarakan pencegahan maupun solusi dalam penanggulangan banjir perencanan setiap instansi terkait penanggulangan banjir anggaran berfokus pencegahan maupun penanggulangan banjir sehingga tiap instansi terkait merencanakan program terkait pencegahan maupun penanggulangan banjir kota banda aceh
DETERMINAN PERILAKU CARING PERAWAT DI RSUD MEURAXA KOTA BANDA ACEH,"KEMENTRIAN PENDIDIKAN,KEBUDAYAAN,RISET DAN TEKNOLOGIUNIVERSITAS SYIAH KUALAFAKULTAS KEPERAWATANPROGRAM STUDI MAGISTER KEPERAWATANTESIS16 Mei 2023xiii + V bab + 116 halaman + 21 tabel + 2 skema + 20 lampiranIRA RIZQANA2112201010010DETERMINAN PERILAKU CARING PERAWAT DI RSUD MEURAXA KOTA BANDA ACEHABSTRAKPerilaku caring memberikan kontribusi penting bagi kualitas pelayanan kesehatan, karena dapat meningkatkan kepuasan pasien, membantu proses penyembuhan dan meningkatkan pendapatan Rumah Sakit. Perilaku caring sangat bervariasi di tatanan pelayanan kesehatan yang berbeda dan dipengaruhi oleh faktor umur, jenis kelamin, pendidikan, masa kerja, kepribadian, kecerdasan emosional, dan kepuasan kerja. Penelitian ini bertujuan untuk mengidentifikasi determinan perilaku caring perawat di RSUD Meuraxa Kota Banda Aceh. Jenis penelitian kuantitatif korelasi, dengan desain cross sectional study. Sampel berjumlah 173 orang perawat yang dihitung dengan metode total sampling. Pengumpulan data menggunakan kuesioner Caring Behavior Inventory-24 (CBI-24), Big Five Inventory (BFI), Job Satisfaction Survey (JSS) dan Emotional Intelligence. Analisa data menggunakan uji statistik deskriptif, chi square dan regresi logistik berganda. Hasil penelitian menunjukkan faktor yang perhubungan dengan perilaku caring adalah umur (p=0,047), hubungan interpersonal (p=0,049), keramahan (p=0,001), ketekunan (p=0,049), ketidakstabilan emosi (p=0,018), keterbukaan (p=0,001), kecerdasan emosional (p=0,001) dan kepuasan kerja (p=0,001). Sedangkan yang tidak berhubungan dengan perilaku caring adalah jenis kelamin (p=0,787), masa kerja (p=0,062) dan pendidikan (0,675). Faktor yang paling dominan berhubungan dengan perilaku caring perawat adalah kecerdasan emosional dengan nilai OR 3,928 (95% CI: 1,787-8,633). Perawat dengan kecerdasan emosional yang tinggi cenderung memiliki rasa empati, peduli, mampu mengelola emosi diri dan orang lain sehingga dapat menunjukkan perilaku caring yang lebih baik. Oleh karena itu perawat manajer perlu melakukan berbagai upaya untuk meningkatkan kecerdasan emosional perawat di ruang rawat inap, seperti melakukan pelatihan perilaku caring dan kecerdasan emosional.",kementrian pendidikan kebudayaan riset teknologiuniversitas syiah kualafakultas keperawatanprogram studi magister keperawatantesis mei xiii bab halaman tabel skema lampiranira rizqana determinan perilaku caring perawat rsud meuraxa kota banda acehabstrakperilaku caring memberikan kontribusi penting bagi kualitas pelayanan kesehatan meningkatkan kepuasan pasien membantu proses penyembuhan meningkatkan pendapatan rumah sakit perilaku caring sangat bervariasi tatanan pelayanan kesehatan berbeda dipengaruhi faktor umur jenis kelamin pendidikan masa kerja kepribadian kecerdasan emosional kepuasan kerja penelitian bertujuan mengidentifikasi determinan perilaku caring perawat rsud meuraxa kota banda aceh jenis penelitian kuantitatif korelasi desain cross sectional study sampel berjumlah orang perawat dihitung metode total sampling pengumpulan data menggunakan kuesioner caring behavior inventory cbi big five inventory bfi job satisfaction survey jss emotional intelligence analisa data menggunakan uji statistik deskriptif chi square regresi logistik berganda hasil penelitian menunjukkan faktor perhubungan perilaku caring umur hubungan interpersonal keramahan ketekunan ketidakstabilan emosi keterbukaan kecerdasan emosional kepuasan kerja sedangkan tidak berhubungan perilaku caring jenis kelamin masa kerja pendidikan faktor dominan berhubungan perilaku caring perawat kecerdasan emosional nilai or ci perawat kecerdasan emosional tinggi cenderung memiliki rasa empati peduli mampu mengelola emosi orang lain sehingga menunjukkan perilaku caring lebih baik perawat manajer perlu melakukan berbagai upaya meningkatkan kecerdasan emosional perawat ruang rawat inap melakukan pelatihan perilaku caring kecerdasan emosional
PENGARUH JOB INSECURITY TERHADAP INTENTION TO QUIT YANG DIMEDIASI OLEH PSYCHOLOGICAL DISTRESS DAN RESISTENCE TO CHANGE PADA KARYAWAN BANK BSI AREA BANDA ACEH,"Penelitian ini bertujuan untuk mengetahui pengaruh Pengaruh Job Insecurity Terhadap Intention to Quit Yang Dimediasi Oleh Psychological Distress Dan Resistence to Change Pada Karyawan Bank Bsi Banda Aceh. Teknik pengumpulan data dilakukan dengan menggunakan kuesioner (angket) yang diberikan kepada responden penelitian. Populasi penelitian ini adalah seluruh karyawan Bank BSI di Banda Aceh, dengan sampel berjumlah 251 orang. Teknik pengambilan sampel yang digunakan dalam penelitian ini yaitu Probability Sampling dengan jenis pengambilan sample menggunakan simple random sampling. Metode analisis data yang digunakan adalah Hierarchical Regression Linear dengan menggunakan Statistical Program and Social Science (SPSS) yang digunakan untuk mengetahui pengaruh antara variabel yang terlibat. Berdasarkan hasil penelitian menemukan bahwa Job Insecurity berpengaruh signifikan terhadap Intention to Quit. Job Insecurity berpengaruh signifikan terhadap Psychological Distress. Job Insecurity berpengaruh signifikan terhadap Resistence to Change. Psychological Distress berpengaruh signifikan terhadap Resistence to Change. Psychological Distress berpengaruh signifikan terhadap Intention to Quit. Resistence to Change berpengaruh signifikan terhadap Intention to Quit. Psychological Distress memediasi pengaruh Job Insecurity terhadap Intention to Quit. Resistence to Change memediasi pengaruh Job Insecurity terhadap Intention to Quit.",penelitian bertujuan mengetahui pengaruh pengaruh job insecurity terhadap intention to quit dimediasi psychological distress resistence to change karyawan bank bsi banda aceh teknik pengumpulan data dilakukan menggunakan kuesioner angket diberikan kepada responden penelitian populasi penelitian seluruh karyawan bank bsi banda aceh sampel berjumlah orang teknik pengambilan sampel digunakan dalam penelitian probability sampling jenis pengambilan sample menggunakan simple random sampling metode analisis data digunakan hierarchical regression linear menggunakan statistical program and social science spss digunakan mengetahui pengaruh antara variabel terlibat berdasarkan hasil penelitian menemukan job insecurity berpengaruh signifikan terhadap intention to quit job insecurity berpengaruh signifikan terhadap psychological distress job insecurity berpengaruh signifikan terhadap resistence to change psychological distress berpengaruh signifikan terhadap resistence to change psychological distress berpengaruh signifikan terhadap intention to quit resistence to change berpengaruh signifikan terhadap intention to quit psychological distress memediasi pengaruh job insecurity terhadap intention to quit resistence to change memediasi pengaruh job insecurity terhadap intention to quit
EFEKTIVITAS PEMBELAJARAN DARING MATA PELAJARAN  BAHASA INDONESIA SISWA KELAS XI SMK NEGERI 4 MEULABOH,"ABSTRAKRahmi, Arinir. 2021. Efektivitas Pembelajaran Daring Mata Pelajaran Bahasa Indonesia Siswa Kelas XI SMK Negeri 4 Meulaboh. Skripsi, Program Studi Pendidikan Bahasa Indonesia, Jurusan Bahasa Indonesia, Fakultas Keguruan dan Ilmu Pendidikan, Universitas Syiah Kuala. Pembimbing:(1)	Dr. Drs. Razali, M.Pd., (2) Armia, S.Pd., M.Hum.",abstrakrahmi arinir efektivitas pembelajaran daring mata pelajaran bahasa indonesia siswa kelas xi smk negeri meulaboh skripsi program studi pendidikan bahasa indonesia jurusan bahasa indonesia fakultas keguruan ilmu pendidikan universitas syiah kuala pembimbing dr drs razali pd armia pd hum
